"year","runtime","director","writer","genre"
1995,"81","nm0005124","nm0710020","animation"
1995,"130","nm0132709","nm0001220","adventure"
1995,"98","nm0000233","nm0000233","thriller"
1995,"105","nm0001756","nm0001465","action"
1995,"123","nm0000750","nm0081189","crime"
1995,"108","nm0955443","nm0270819","drama"
1995,"129","nm0000416","nm0672459","sci.fi"
1995,"91","nm0003088","nm0003088","children"
1995,"122","nm0000209","nm0000209","drama"
1995,"110","nm0518644","nm0000636","war"
1995,"127","nm0000399","nm0001825","crime"
1995,"106","nm0001741","nm0003160","crime"
1995,"95","nm0000095","nm0000095","comedy"
1994,"108","nm0705535","nm0705535","romance"
1995,"143","nm0378893","nm0242059","drama"
1995,"104","nm0001929","nm0001929","romance"
1996,"108","nm0001675","nm0000233","horror"
1995,"85","nm0070159","nm0070159","drama"
1995,"102","nm0331296","nm0331296","drama"
1995,"116","nm0351993","nm0125706","romance"
1996,"99","nm0005008","nm0366337","musical"
1995,"178","nm0000154","nm0908824","war"
1976,"114","nm0000217","nm0001707","thriller"
1995,"104","nm0867262","nm0530853","crime"
1996,"117","nm0001566","nm0561938","comedy"
1995,"98","nm0122653","nm0122653","comedy"
1995,"119","nm0000881","nm0724514","action"
1995,"140","nm0000165","nm0115310","thriller"
1995,"121","nm0001708","nm0326040","crime"
1967,"100","nm0000320","nm0140643","drama"
1995,"116","nm0001716","nm0771512","war"
1994,"119","nm0959062","\N","documentary"
1995,"104","nm0001675","nm0001675","romance"
1995,"83","nm0000777","nm0000777","comedy"
1995,"95","nm0514546","nm0560469","children"
1995,"93","nm0000944","nm0590360","romance"
1994,"93","nm0021899","nm0021899","drama"
1995,"114","nm0005563","nm0104335","sci.fi"
1995,"145","nm0000941","nm0000116","sci.fi"
1995,"109","nm0452319","nm0063819","comedy"
1995,"89","nm0205542","nm0379056","comedy"
1994,"92","nm0003620","nm0003620","comedy"
1994,"128","nm0001469","nm0000341","thriller"
1995,"132","nm0000431","nm0000175","thriller"
1994,"124","nm0000487","nm0770005","comedy"
1994,"103","nm0000382","nm0000382","drama"
1994,"127","nm0000318","nm0018735","comedy"
1994,"170","nm0416945","nm0416945","documentary"
1994,"100","nm0770961","nm0106563","romance"
1977,"121","nm0000184","nm0000184","war"
1994,"133","nm0001880","nm0365659","western"
1994,"110","nm0405336","nm0003141","drama"
1994,"119","nm0000231","nm0000231","thriller"
1995,"127","nm0000583","nm0245435","thriller"
1994,"110","nm0000108","nm0000108","crime"
1994,"154","nm0000233","nm0000233","crime"
1994,"105","nm0000944","nm0569568","drama"
1994,"133","nm0000602","nm0001921","drama"
1994,"99","nm0001425","nm0001425","drama"
1993,"94","nm0001425","nm0001425","drama"
1994,"92","nm0001425","nm0001425","drama"
1994,"116","nm0000386","nm0000386","sci.fi"
1994,"97","nm0664756","nm0748874","children"
1994,"142","nm0001104","nm0000175","drama"
1993,"118","nm0002120","nm0373282","comedy"
1995,"103","nm0005509","nm0495863","romance"
1994,"86","nm0001723","nm0001723","comedy"
1994,"102","nm0001639","nm0639335","romance"
1994,"142","nm0000709","nm0744839","war"
1994,"117","nm0001565","nm0193485","romance"
1994,"88","nm0021249","nm0560329","animation"
1994,"101","nm0751080","nm0108273","fantasy"
1994,"127","nm0001149","nm0001279","western"
1965,"83","nm0000540","nm0000540","action"
1994,"115","nm0007366","nm0007366","documentary"
1993,"144","nm0000361","nm0462895","crime"
1993,"154","nm0001628","nm0001801","thriller"
1993,"112","nm0934578","nm0907929","children"
1993,"130","nm0001112","nm0835732","thriller"
1993,"86","nm0000720","nm0698493","war"
1994,"111","nm0001053","nm0001053","romance"
1993,"127","nm0000229","nm0000341","sci.fi"
1993,"111","nm0000110","nm0000636","romance"
1994,"109","nm0650233","nm0254645","horror"
1994,"97","nm0001130","nm0481418","comedy"
1993,"134","nm0412465","nm0695609","drama"
1993,"109","nm0001873","nm0001873","drama"
1993,"105","nm0001188","nm0001188","romance"
1982,"117","nm0000631","nm0672459","film.noir"
1993,"93","nm0772095","nm0289219","romance"
1993,"76","nm0783139","nm0003031","musical"
1993,"119","nm0001716","nm0000233","crime"
1995,"88","nm0001754","nm0001754","comedy"
1990,"103","nm0001060","nm0000455","children"
1992,"90","nm0166256","nm0560329","animation"
1991,"137","nm0000116","nm0000116","sci.fi"
1990,"181","nm0000126","nm0086658","western"
1991,"118","nm0001129","nm0848217","thriller"
1937,"83","nm0414144","nm0780799","animation"
1996,"98","nm0001053","nm0001053","crime"
1981,"86","nm0754678","nm0639321","animation"
1970,"78","nm0718627","nm0314788","animation"
1996,"82","nm0754678","nm0500858","animation"
1995,"92","nm0079471","nm0079471","comedy"
1996,"93","nm0528718","nm0106563","comedy"
1996,"107","nm0154819","nm0092267","thriller"
1996,"123","nm0219720","nm0219720","drama"
1996,"89","nm0538614","nm0386780","comedy"
1996,"73","nm0540075","nm0064546","sci.fi"
1995,"107","nm0934578","nm0467942","war"
1996,"97","nm0499724","nm0920108","romance"
1996,"95","nm0788454","nm0115202","children"
1995,"135","nm0710919","nm0140643","drama"
1996,"106.972842486421","nm0243411","\N","animation"
1995,"89","nm0859920","nm0859920","documentary"
1995,"105","nm0772259","nm0102903","comedy"
1996,"136","nm0000881","nm0177018","adventure"
1996,"113","nm0000957","nm0000341","adventure"
1994,"105","nm0595131","nm0595131","documentary"
1996,"115","nm0000921","nm0000921","crime"
1996,"145","nm0000386","nm0000386","war"
1996,"96","nm0001774","nm0392648","comedy"
1996,"110","nm0001392","nm0001392","horror"
1996,"135","nm0000626","nm0000626","mystery"
1996,"123","nm0005509","nm0224187","romance"
1996,"117","nm0957453","nm0957453","drama"
1972,"175","nm0000338","nm0000338","crime"
1992,"96","nm0867262","nm0530853","thriller"
1996,"109","nm0905152","nm0905152","crime"
1996,"116","nm0000265","nm0000265","crime"
1961,"115","nm0001175","nm0001986","romance"
1939,"102","nm0281808","nm0388755","musical"
1939,"238","nm0002030","nm0372942","war"
1941,"119","nm0000080","nm0000080","drama"
1968,"149","nm0000040","nm0000040","mystery"
1939,"129","nm0001008","nm0118227","drama"
1996,"109","nm0001714","nm0001804","drama"
1996,"104","nm0509409","nm0109359","children"
1969,"108","nm0829038","nm0909556","children"
1993,"84","nm0242271","nm0003031","children"
1954,"127","nm0281507","nm0894523","fantasy"
1971,"117","nm0829038","nm0909556","musical"
1965,"172","nm0936404","nm0499626","musical"
1988,"132","nm0001532","nm0211823","thriller"
1992,"108","nm0502577","nm0000175","sci.fi"
1996,"103","nm0001024","nm0001024","drama"
1996,"121","nm0001317","nm0000948","thriller"
1996,"110","nm0394280","nm0001279","adventure"
1996,"123","nm0935863","nm0024925","drama"
1996,"96","nm0510731","nm0269463","comedy"
1971,"100","nm0835799","nm0001094","children"
1973,"89","nm0000095","nm0000095","sci.fi"
1988,"108","nm0000092","nm0000092","comedy"
1979,"94","nm0001402","nm0000092","comedy"
1987,"100","nm0001915","nm0075044","musical"
1992,"99","nm0000233","nm0000233","crime"
1986,"120","nm0000231","nm0000231","war"
1989,"97","nm0467646","nm0458228","comedy"
1992,"127","nm0000682","nm0000390","mystery"
1992,"100","nm0001226","nm0000519","drama"
1986,"109","nm0001716","nm0143596","romance"
1981,"109","nm0041932","nm0860125","drama"
1975,"113","nm0001175","nm0001175","comedy"
1989,"140","nm0000116","nm0000116","sci.fi"
1986,"120","nm0001945","nm0001945","drama"
1986,"113","nm0001945","nm0001945","drama"
1980,"109","nm0956052","nm0583600","comedy"
1975,"91","nm0000416","nm0000092","comedy"
1993,"29","nm0661910","nm0661910","animation"
1988,"155","nm0868153","nm0868153","romance"
1991,"99","nm0000466","nm0000466","sci.fi"
1980,"124","nm0449984","nm0000184","war"
1987,"98","nm0001661","nm0001279","adventure"
1981,"115","nm0000229","nm0000184","adventure"
1985,"132","nm0000416","nm0000416","sci.fi"
1986,"137","nm0000116","nm0000116","war"
1966,"161","nm0001466","nm0001466","western"
1957,"96","nm0001486","nm0741627","drama"
1971,"136","nm0000040","nm0000040","sci.fi"
1979,"147","nm0000338","nm0000338","war"
1983,"131","nm0549658","nm0000184","war"
1990,"145","nm0000217","nm0000217","crime"
1979,"117","nm0000631","nm0639321","horror"
1992,"81","nm0000600","nm0000600","horror"
1960,"109","nm0000033","nm0825010","horror"
1980,"133","nm0000484","nm0000101","musical"
1974,"202","nm0000338","nm0000338","crime"
1987,"116","nm0000040","nm0000040","war"
1989,"23","nm0661910","nm0661910","animation"
1989,"137","nm0000110","nm0000636","war"
1984,"160","nm0001232","nm0537004","mystery"
1980,"129","nm0000217","nm0001707","drama"
1983,"193","nm0442241","nm0442241","drama"
1973,"129","nm0001351","nm0911486","crime"
1984,"107","nm0000116","nm0000116","sci.fi"
1989,"128","nm0001837","nm0776114","drama"
1967,"106","nm0001566","nm0377750","romance"
1990,"117","nm0000108","nm0000108","thriller"
1957,"161","nm0000180","nm0933858","war"
1980,"146","nm0000040","nm0000175","horror"
1987,"84","nm0000600","nm0000600","horror"
1993,"101","nm0000601","nm0000601","romance"
1992,"130","nm0000142","nm0672459","western"
1985,"116","nm0000709","nm0000709","sci.fi"
1970,"172","nm0769874","nm0000338","war"
1988,"124","nm0960028","nm0368051","animation"
1990,"137","nm0710919","nm0140643","romance"
1974,"106","nm0000316","nm0000316","horror"
1984,"82","nm0001661","nm0001302","musical"
1989,"127","nm0000229","nm0000184","adventure"
1970,"116","nm0000265","nm0488057","war"
1988,"171","nm0442241","nm0140643","drama"
1985,"117","nm0412465","nm0695609","romance"
1982,"95","nm0000570","nm0914166","musical"
1989,"107","nm0004675","nm0004675","drama"
1989,"95","nm0001661","nm0001188","romance"
1992,"128","nm0000338","nm0831290","horror"
1991,"128","nm0000217","nm0834338","thriller"
1984,"91","nm0000127","nm0000127","horror"
1996,"126","nm0000659","nm0481418","romance"
1996,"159","nm0001885","nm0001885","drama"
1996,"111","nm0000408","nm0734472","sci.fi"
1996,"135","nm0000671","nm0000671","thriller"
1996,"102","nm0496312","nm0275260","drama"
1996,"103","nm0378893","nm0000455","children"
1990,"124","nm0001317","nm0211823","thriller"
1991,"110","nm0583292","nm0734472","sci.fi"
1982,"113","nm0583292","nm0734472","sci.fi"
1984,"105","nm0000559","nm0734472","sci.fi"
1986,"119","nm0000559","nm0734472","sci.fi"
1992,"126","nm0000318","nm0004170","crime"
1988,"107","nm0128883","nm0299301","western"
1992,"103","nm0001112","nm0493369","action"
1975,"124","nm0000229","nm0001940","horror"
1996,"106","nm0000318","nm0114083","war"
1996,"106","nm0668247","nm0668247","comedy"
1996,"139","nm0001081","nm0001081","romance"
1987,"94","nm0001053","nm0001053","comedy"
1992,"126","nm0004675","nm0004675","sci.fi"
1996,"81","nm0221133","nm0431918","animation"
1992,"112","nm0000520","nm0049721","war"
1996,"105","nm0841232","nm0006664","comedy"
1997,"105","nm0664756","nm0262595","children"
1997,"121","nm0000806","nm0081189","thriller"
1997,"111","nm0001587","nm0418883","war"
1997,"113","nm0003620","nm0003620","romance"
1997,"99","nm0003941","nm0200164","children"
1997,"107","nm0000786","nm0000131","crime"
1997,"94","nm0005366","nm0000196","comedy"
1997,"126","nm0000108","nm0000108","sci.fi"
1996,"136","nm0839397","nm0839397","comedy"
1997,"129","nm0000229","nm0000341","sci.fi"
1995,"126","nm0000425","nm0000425","romance"
1997,"125","nm0001708","nm0326040","crime"
1997,"105","nm0389591","nm0060103","romance"
1996,"91","nm0458251","nm0458251","romance"
1997,"98","nm0001756","nm0004412","sci.fi"
1997,"150","nm0000709","nm0366337","sci.fi"
1997,"92","nm0918873","nm0920108","children"
1997,"96","nm0027271","nm0252155","mystery"
1997,"98","nm0001747","nm0225235","children"
1997,"97","nm0001438","nm0001438","drama"
1997,"97","nm0425540","nm0425540","action"
1997,"105","nm0868219","nm0868219","sci.fi"
1990,"135","nm0001532","nm0272511","thriller"
1997,"95","nm0630372","nm0397574","adventure"
1997,"91","nm0146341","nm0064479","comedy"
1997,"106","nm0629272","nm0629272","sci.fi"
1997,"129","nm0000682","nm0374423","war"
1997,"126","nm0001814","nm0000255","drama"
1995,"170","nm0000520","nm0000520","crime"
1995,"127","nm0001628","nm0000697","romance"
1995,"136","nm0000487","nm0000807","romance"
1995,"111","nm0001214","nm0001214","romance"
1995,"117","nm0001355","nm0871857","drama"
1996,"87","nm0325533","nm0325533","romance"
1995,"115","nm0005347","nm0178294","drama"
1996,"124","nm0000816","nm0225820","romance"
1994,"111","nm0000436","nm0642137","thriller"
1996,"149","nm0001708","nm0001300","drama"
1996,"120","nm0569790","nm0000807","romance"
1996,"135","nm0005421","nm0005421","romance"
1996,"136","nm0005139","nm0005139","drama"
1996,"162","nm0005237","nm0005237","war"
1996,"98","nm0952360","nm0574259","drama"
1996,"111","nm0000127","nm0932078","horror"
1996,"135","nm0000570","nm0000231","musical"
1997,"93","nm0770961","nm0001279","comedy"
1997,"121","nm0000142","nm0001279","mystery"
1997,"140","nm0005436","nm0201304","drama"
1997,"127","nm0001565","nm0001921","crime"
1997,"86","nm0001723","nm0345488","comedy"
1997,"93","nm0609236","nm0599924","thriller"
1996,"90","nm0201094","nm0201094","drama"
1997,"113","nm0638033","nm0638033","drama"
1997,"138","nm0000247","nm0108273","sci.fi"
1997,"130","nm0004886","nm0104333","film.noir"
1997,"124","nm0000583","nm0549256","thriller"
1997,"90","nm0000568","nm0397411","comedy"
1997,"138","nm0000436","nm0001338","film.noir"
1996,"107","nm0050597","nm0514043","children"
1997,"112","nm0000487","nm0770005","drama"
1997,"101","nm0006960","nm0110591","romance"
1997,"144","nm0000431","nm0006904","mystery"
1997,"99","nm0836430","nm0176497","fantasy"
1997,"106","nm0665321","nm0665321","crime"
1997,"135","nm0000338","nm0000338","drama"
1997,"102","nm0812200","nm0416556","romance"
1997,"155","nm0000142","nm0359387","mystery"
1997,"194","nm0000116","nm0000116","romance"
1998,"93","nm0573732","nm0573732","children"
1998,"111","nm0001741","nm0000175","thriller"
1997,"139","nm0000985","nm0000985","comedy"
1993,"133","nm0006487","nm0006487","drama"
1993,"195","nm0000229","nm0001873","war"
1996,"101","nm0000095","nm0000095","musical"
1996,"150","nm0075666","\N","documentary"
1996,"104","nm0000983","nm0000983","comedy"
1997,"107","nm0514546","nm0063511","mystery"
1997,"108","nm0002044","nm0092018","thriller"
1997,"134","nm0000186","nm0000186","mystery"
1996,"100","nm0000343","nm0000343","thriller"
1997,"125","nm0000631","nm0878638","war"
1997,"105","nm0003506","nm0003506","mystery"
1997,"135","nm0001149","nm0001338","mystery"
1998,"100","nm0775447","nm0458318","crime"
1997,"119","nm0721817","nm0944878","drama"
1997,"117","nm0848414","nm0000519","adventure"
1997,"115","nm0001219","nm0458318","crime"
1997,"129","nm0000399","nm0104335","mystery"
1997,"125","nm0000231","nm0725983","mystery"
1997,"93","nm0552693","nm0114197","comedy"
1997,"94","nm0933002","nm0809245","crime"
1997,"85","nm0914132","nm0533938","thriller"
1997,"89","nm0809321","nm0193485","comedy"
1997,"114","nm0002020","nm0560202","action"
1997,"155","nm0000759","nm0000759","drama"
1997,"107","nm0001486","nm0233223","comedy"
1997,"94","nm0000750","nm0268138","mystery"
1997,"109","nm0000466","nm0639321","horror"
1997,"134","nm0000380","nm0000380","drama"
1997,"96","nm0000095","nm0000095","comedy"
1997,"154","nm0000233","nm0000233","crime"
1997,"97","nm0001469","nm0000519","comedy"
1998,"97","nm0004121","nm0003662","thriller"
1998,"124","nm0387706","nm0443582","mystery"
1998,"87","nm0817770","nm0927074","horror"
1997,"93","nm0818639","nm0193370","musical"
1998,"106","nm0814085","nm0814085","horror"
1998,"97","nm0178997","nm0379056","romance"
1998,"134","nm0001469","nm0000341","sci.fi"
1994,"119","nm0001708","nm0001300","mystery"
1975,"133","nm0001232","nm0325743","drama"
1997,"96","nm0228147","nm0228147","sci.fi"
1997,"119","nm0240995","nm0330108","thriller"
1997,"80","nm0002416","\N","documentary"
1997,"108","nm0000824","nm0441750","crime"
1998,"123","nm0000484","nm0000101","musical"
1995,"111","nm0001382","nm0704164","action"
1995,"90","nm0644203","nm0077062","comedy"
1995,"111","nm0759207","nm0759207","drama"
1995,"99","nm0808807","nm0060103","drama"
1995,"97","nm0002132","nm0002132","comedy"
1996,"88","nm0089176","nm0498963","comedy"
1996,"87","nm0790715","nm0937748","comedy"
1996,"108","nm0001241","nm0358960","thriller"
1995,"135","nm0000142","nm0481418","romance"
1995,"92","nm2259353","nm0397411","comedy"
1995,"96","nm0134176","nm0211823","sci.fi"
1995,"95","nm0818465","nm0647592","children"
1995,"128","nm0000682","nm0000390","drama"
1995,"113","nm0589168","nm0223844","comedy"
1995,"97","nm0109359","nm0031976","children"
1994,"114","nm0562645","nm0000455","drama"
1995,"92","nm0225416","nm0084131","horror"
1994,"118","nm0141222","nm0734472","sci.fi"
1994,"106","nm0389591","nm0389591","romance"
1994,"104","nm0254632","nm0254632","comedy"
1994,"91","nm0505152","nm0211823","children"
1994,"83","nm0781842","nm0698493","comedy"
1994,"141","nm0000116","nm0000116","adventure"
1993,"94","nm0001756","nm0397411","comedy"
1993,"139","nm0000217","nm0000217","drama"
1994,"104","nm0000484","nm0211823","action"
1994,"88","nm0003031","nm0003031","children"
1993,"88","nm0192090","nm0192090","comedy"
1993,"130","nm0001532","nm0000948","action"
1993,"115","nm0000154","nm0390708","drama"
1993,"125","nm0001060","nm0228908","comedy"
1994,"108","nm0809321","nm0000184","mystery"
1993,"104","nm0000316","nm0000316","comedy"
1994,"95","nm0000691","nm0000691","horror"
1993,"102","nm0380705","nm0380705","action"
1993,"104","nm0417708","nm0004412","sci.fi"
1993,"105","nm0378893","nm0521739","adventure"
1994,"82","nm0790715","nm0345488","children"
1995,"90","nm0858525","nm0877425","comedy"
1990,"127","nm0958387","nm0748022","romance"
1989,"126","nm0000318","nm0004170","crime"
1940,"88","nm0414144","nm0670328","animation"
1996,"110","nm0000361","nm0462895","mystery"
1996,"93","nm0276169","nm0000175","horror"
1996,"81","nm0295007","nm0161003","comedy"
1995,"30","nm0661910","nm0661910","animation"
1996,"113","nm0000338","nm0218621","comedy"
1996,"114","nm0125803","nm0266673","comedy"
1996,"95","nm0001723","nm0001723","fantasy"
1996,"90","nm0762541","nm0777442","comedy"
1996,"87","nm0012155","nm0000709","horror"
1982,"92","nm0000907","nm0658850","comedy"
1975,"100","nm0865709","nm0081052","western"
1957,"83","nm0829038","nm0320564","children"
1961,"129","nm0842582","nm0842582","children"
1950,"74","nm0414144","nm0670328","animation"
1964,"139","nm0829038","nm0909556","musical"
1951,"75","nm0414144","nm0670328","animation"
1996,"120","nm0525303","nm0000636","romance"
1996,"81","nm0832309","nm0166256","animation"
1982,"115","nm0000229","nm0558953","fantasy"
1996,"85","nm0817770","nm0000175","horror"
1992,"102","nm0000209","nm0000209","comedy"
1986,"84","nm0793802","nm0095685","animation"
1962,"129","nm0612322","nm0285210","drama"
1971,"91","nm0000797","nm0383359","comedy"
1951,"92","nm0936404","nm0636002","sci.fi"
1933,"69","nm0564970","nm0436095","war"
1986,"116","nm0611683","nm0272511","adventure"
1940,"124","nm0414144","nm0670328","animation"
1988,"103","nm0499724","nm0914058","comedy"
1956,"98","nm0928208","nm0000636","sci.fi"
1969,"110","nm0001351","nm0001279","western"
1981,"97","nm0000484","nm0000484","horror"
1992,"95","nm0709752","nm0002211","horror"
1983,"105","nm0281507","nm0024388","horror"
1993,"91","nm0613981","nm0002211","horror"
1982,"104","nm0198765","nm0392792","horror"
1979,"117","nm0742341","nm0030663","horror"
2023,"90","nm1100565","nm0392792","horror"
1963,"119","nm0000033","nm0238898","horror"
1958,"86","nm0234893","nm0510989","horror"
1945,"78","nm0936404","nm0531878","horror"
1976,"116","nm0193303","nm0193303","horror"
1976,"98","nm0000361","nm0000175","horror"
1976,"111","nm0001149","nm0783544","horror"
1979,"143","nm0936404","nm0734472","sci.fi"
1989,"107","nm0000638","nm0734472","sci.fi"
1978,"110","nm0459170","nm0143558","musical"
1978,"116","nm0844358","nm0001940","horror"
1983,"99","nm0023469","nm0001940","horror"
1996,"98","nm0001378","nm0580559","drama"
1996,"107","nm0867262","nm0867262","action"
1997,"88","nm0240797","nm0270936","action"
1997,"86","nm0683578","nm0560469","children"
1995,"192","nm0000231","nm0000231","drama"
1995,"106","nm0740213","nm0367838","drama"
1995,"111","nm0000576","nm0000576","drama"
1995,"112","nm0911061","nm0000808","drama"
1992,"105","nm0000778","nm0261294","romance"
1994,"103","nm0000626","nm0000626","adventure"
1994,"119","nm0001501","nm0000519","drama"
1994,"111","nm0814085","nm0456017","children"
1993,"98","nm0001093","nm0001093","thriller"
1993,"121","nm0000134","nm0001590","drama"
1993,"114","nm0000770","nm0686233","drama"
1993,"188","nm0000265","nm0000265","drama"
1993,"130","nm0181902","nm0418883","western"
1996,"116","nm0001880","nm0242059","war"
1996,"103","nm0003418","nm0688279","fantasy"
1996,"79","nm0783139","nm0001094","animation"
1964,"95","nm0000040","nm0000040","war"
1996,"93","nm0000965","nm0388076","drama"
1996,"103","nm0933505","nm0363326","comedy"
1996,"98","nm0000362","nm0001094","children"
1940,"112","nm0002030","nm0829330","romance"
1958,"128","nm0000033","nm0092267","mystery"
1959,"136","nm0000033","nm0499626","thriller"
1960,"125","nm0000697","nm0000697","comedy"
1959,"121","nm0000697","nm0000697","crime"
1942,"102","nm0002031","nm0258493","war"
1941,"100","nm0001379","nm0001379","film.noir"
1964,"170","nm0002030","nm0503585","musical"
1954,"113","nm0000697","nm0000697","romance"
1953,"118","nm0943758","nm0874308","romance"
1950,"110","nm0000697","nm0000697","film.noir"
1946,"102","nm0000033","nm0372942","film.noir"
1955,"106","nm0000033","nm0178785","romance"
1938,"102","nm0002031","nm0589316","adventure"
1955,"118","nm0001415","nm0651585","drama"
1934,"91","nm0886754","nm0329304","mystery"
1940,"92","nm0001328","nm0372942","comedy"
1956,"167","nm0027183","nm0688117","adventure"
1946,"130","nm0001008","nm0329304","drama"
1938,"102","nm0001328","nm0629580","comedy"
1951,"105","nm0001379","nm0001379","war"
1958,"108","nm0112218","nm0112218","drama"
1941,"64","nm0414144","nm0670328","animation"
1971,"82","nm0000095","nm0000095","war"
1972,"110","nm0006916","nm0488373","drama"
1967,"111","nm0671957","nm0001801","crime"
1954,"105","nm0000033","nm0461425","mystery"
1955,"111","nm0712947","nm0712947","drama"
1951,"122","nm0001415","nm0931783","drama"
1996,"130","nm0001232","nm0018735","drama"
1989,"103","nm0006487","nm0006487","drama"
1960,"128","nm0836328","nm0000041","western"
1962,"218","nm0000180","nm0933858","war"
1987,"128","nm0000694","nm0000694","romance"
1949,"104","nm0715346","nm0000080","mystery"
1977,"93","nm0000095","nm0000095","romance"
1981,"149","nm0000583","nm0000583","war"
1983,"111","nm0287025","nm0287025","comedy"
1979,"96","nm0000095","nm0000095","romance"
1990,"115","nm0001053","nm0001053","drama"
1948,"126","nm0001379","nm0001379","adventure"
1963,"172","nm0836328","nm0108595","war"
1978,"183","nm0001047","nm0000658","war"
1986,"107","nm0000464","nm0000464","comedy"
1967,"127","nm0742341","nm0237543","comedy"
1940,"125","nm0000122","nm0000122","comedy"
1946,"114","nm0001328","nm0102824","film.noir"
1959,"212","nm0943758","nm0027173","adventure"
1982,"191","nm0000277","nm0109300","drama"
1984,"141","nm0423646","nm0732430","war"
1985,"101","nm0002120","nm0002120","drama"
1975,"129","nm0001379","nm0001379","adventure"
1996,"105","nm0382956","nm0382956","romance"
1996,"117","nm0619762","nm0471247","romance"
1996,"87","nm0609549","nm0609549","mystery"
1997,"101","nm0005726","nm0569474","drama"
1997,"100","nm0001162","nm0330565","romance"
1996,"97","nm0230695","nm0173928","drama"
1991,"104","nm0001814","nm0000636","drama"
1997,"94","nm0089940","nm0879318","animation"
1997,"98","nm0893659","nm0726472","children"
1995,"110","nm0747849","nm0521739","action"
1995,"101","nm0027271","nm0095460","adventure"
1995,"81","nm0300265","nm0560329","animation"
1995,"175","nm0500988","nm0401076","musical"
1995,"115","nm0001219","nm0003298","crime"
1995,"100","nm0000127","nm0000552","romance"
1996,"108","nm0000247","nm0003662","thriller"
1995,"99","nm0743239","nm0712575","crime"
1994,"95","nm0003423","nm0003369","fantasy"
1995,"139","nm0001994","nm0788991","war"
1995,"128","nm0001532","nm0378144","thriller"
1995,"109","nm0000850","nm0000850","horror"
1995,"108","nm0002044","nm0271022","sci.fi"
1995,"102","nm0000778","nm0436543","romance"
1995,"135","nm0721817","nm0878638","adventure"
1995,"89","nm0620290","nm0620290","drama"
1995,"98","nm0001353","nm0001353","western"
1994,"111","nm0179216","nm0064530","musical"
1994,"99","nm0001392","nm0001392","fantasy"
1994,"123","nm0001403","nm0723351","horror"
1995,"89","nm0331998","nm0506597","fantasy"
1994,"123","nm0000110","nm0791217","horror"
1995,"108","nm0000600","nm0601881","western"
1995,"180","nm0276169","nm0000175","horror"
1995,"98","nm0192090","nm0192090","horror"
1995,"98","nm0000118","nm0798103","horror"
1994,"141","nm0637518","nm0001873","adventure"
1994,"112","nm0000127","nm0000127","horror"
1994,"116","nm0000957","nm0003662","romance"
1994,"125","nm0001566","nm0365659","horror"
1994,"191","nm0001410","nm0001410","western"
1993,"108","nm0000824","nm0467942","thriller"
1994,"121","nm0394280","nm0061337","thriller"
1993,"87","nm0001206","nm0820669","horror"
1993,"107","nm0528337","nm0129310","mystery"
1994,"116","nm0917992","nm0304665","western"
1993,"113","nm0001317","nm0289833","crime"
1993,"88","nm0006625","nm0000101","sci.fi"
1993,"115","nm0104193","nm0914058","sci.fi"
1993,"91","nm0005348","nm0641714","comedy"
1995,"99","nm0003355","nm0003355","romance"
1993,"117","nm0784061","nm0582481","thriller"
1993,"121","nm0001005","nm0001005","romance"
1993,"110","nm0575389","nm0377088","crime"
1993,"101","nm0002140","nm0003031","children"
1993,"95","nm0711114","nm0006997","comedy"
1994,"102","nm0764776","nm0878638","action"
1993,"112","nm0576282","nm0576282","mystery"
1991,"84","nm0873779","nm0560329","animation"
1969,"145","nm0001603","nm0338396","western"
1996,"85","nm0944892","nm0040643","horror"
1996,"129","nm0387706","nm0081189","thriller"
1995,"94","nm0893895","nm0893895","mystery"
1993,"134","nm0005917","nm0005917","war"
1995,"105","nm0003506","nm0003506","romance"
1996,"116","nm0001716","nm0840380","thriller"
1996,"91","nm0873779","nm0560329","animation"
1996,"115","nm0751080","nm0338396","thriller"
1996,"98","nm0209667","nm0209667","comedy"
1993,"104","nm0867262","nm0867262","action"
1997,"105","nm0004305","nm0214518","children"
1943,"170","nm0939992","nm0002133","war"
1951,"114","nm0591486","nm0503585","musical"
1954,"112","nm0000033","nm0371088","mystery"
1934,"105","nm0001008","nm0728307","comedy"
1944,"113","nm0591486","nm0106505","musical"
1950,"138","nm0000581","nm0000581","drama"
1940,"130","nm0000033","nm0531878","romance"
1945,"111","nm0000033","nm0372942","mystery"
1950,"92","nm0591486","nm0329304","comedy"
1958,"115","nm0591486","nm0503585","musical"
1944,"88","nm0541149","nm0388755","film.noir"
1937,"132","nm0001008","nm0728307","drama"
1936,"94","nm0478441","nm0753452","comedy"
1956,"201","nm0828419","nm0272209","drama"
1935,"86","nm0000033","nm0067308","thriller"
1968,"96","nm0001681","nm0001681","horror"
1930,"104","nm0903049","nm0509510","drama"
1955,"115","nm0517597","nm0408718","drama"
1996,"118","nm0000776","nm0006904","thriller"
1996,"113","nm0001226","nm0001279","drama"
1955,"93","nm0287988","nm0085648","western"
1960,"126","nm0002175","nm0370328","children"
1994,"102","nm0213100","nm0805965","children"
1944,"71","nm0272568","nm0670328","animation"
1963,"79","nm0314671","nm0670328","animation"
1948,"79","nm0527217","nm0670328","children"
1991,"143","nm0721817","nm0219720","drama"
1996,"147","nm0001469","nm0001469","crime"
1982,"134","nm0001175","nm0001175","musical"
1965,"160","nm0001175","nm0001175","musical"
1992,"112","nm0001403","nm0001403","war"
1982,"150","nm0001587","nm0001587","drama"
1938,"69","nm0547446","nm0002042","drama"
1996,"80","nm0638175","nm0638175","documentary"
1980,"89","nm0000118","nm0000118","horror"
1981,"99","nm0000118","nm0000118","sci.fi"
1981,"91","nm0001102","nm0000626","horror"
1982,"112","nm0897045","nm0140643","drama"
1979,"142","nm0772522","nm0140643","drama"
1989,"124","nm0000425","nm0000425","drama"
1957,"88","nm0000040","nm0000040","war"
1990,"110","nm0001241","nm0860292","film.noir"
1993,"119","nm0772259","nm0568605","romance"
1988,"101","nm0001554","nm0001554","documentary"
1990,"78","nm0515255","\N","documentary"
1968,"166","nm0001466","nm0000934","western"
1985,"160","nm0000041","nm0000636","war"
1952,"129","nm0000406","nm0000406","romance"
1984,"229","nm0001466","nm0001466","crime"
1957,"96","nm0000005","nm0000005","drama"
1989,"122","nm0001880","nm0418883","war"
1990,"117","nm0001779","nm0001779","comedy"
1958,"95","nm0000080","nm0000080","film.noir"
1974,"130","nm0000591","nm0001801","film.noir"
1986,"89","nm0001661","nm0000175","adventure"
1931,"117","nm0000485","nm0000485","film.noir"
1962,"126","nm0001239","nm0043480","film.noir"
1990,"102","nm0610496","nm0610496","drama"
1944,"118","nm0001008","nm0258493","mystery"
1991,"130","nm0000816","nm0280840","drama"
1952,"85","nm0003593","nm0286025","western"
1980,"103","nm0844358","nm0558577","romance"
1979,"130","nm0000797","nm0002717","comedy"
1984,"145","nm0000694","nm0232924","drama"
1992,"114","nm0000399","nm0639321","horror"
1974,"103","nm0607407","nm0831290","horror"
1977,"113","nm0936404","nm0208342","horror"
1980,"92","nm0089177","nm0089177","horror"
1991,"88","nm0714599","nm0092267","horror"
1935,"75","nm0001843","nm0049721","horror"
1992,"99","nm0741262","nm0000850","horror"
1962,"106","nm0496746","nm0531792","film.noir"
1982,"118","nm0001707","nm0001707","horror"
1922,"94","nm0003638","nm0831290","horror"
1996,"124","nm0405336","nm0007186","drama"
1996,"72","nm0300795","nm0300795","documentary"
1997,"104","nm0413875","nm0712753","thriller"
1982,"129","nm0587518","nm0000231","adventure"
1997,"90","nm0476071","nm0040643","horror"
1997,"101","nm0318947","nm0932078","mystery"
1997,"95","nm0318795","nm0258627","comedy"
1993,"128","nm0000583","nm0536587","thriller"
1996,"133","nm0000829","nm0859029","thriller"
1993,"138","nm0000142","nm0359387","action"
1997,"108","nm0818465","nm0185578","war"
1997,"84","nm0128225","nm0175080","comedy"
1997,"124","nm0001994","nm0679326","thriller"
1997,"136","nm0000269","nm0364143","war"
1998,"100","nm0001639","nm0275286","film.noir"
1995,"114","nm0001661","nm0815070","romance"
1995,"178","nm0000217","nm0000217","drama"
1995,"103","nm0585011","nm0000807","romance"
1995,"96","nm0000876","nm0000876","comedy"
1996,"111","nm0000887","nm0001707","thriller"
1995,"102","nm0436284","nm0140860","drama"
1994,"97","nm0001214","nm0367838","drama"
1994,"115","nm0000788","nm0842523","drama"
1995,"95","nm0291205","nm0291205","comedy"
1993,"183","nm0618284","nm0618284","documentary"
1994,"101","nm0001775","nm0001775","romance"
1994,"101","nm0410139","nm0502643","drama"
1993,"145","nm0000806","nm0021196","romance"
1952,"103","nm0002045","nm0173679","musical"
1996,"80","nm0714599","nm0714599","horror"
1991,"95","nm0001565","nm0055726","drama"
1989,"100","nm0001752","nm0001752","drama"
1992,"94","nm0525303","nm0525303","romance"
1985,"97","nm0390822","nm0390822","comedy"
1996,"97","nm0838016","nm0047976","drama"
1987,"112","nm0001469","nm0001469","comedy"
1995,"123","nm0662529","nm0000636","drama"
1995,"121","nm0358960","nm0358960","romance"
1995,"106","nm0001814","nm0377750","comedy"
1995,"103","nm0000149","nm0705331","romance"
1996,"118","nm0001270","nm0848217","thriller"
1995,"99","nm0000110","nm0000110","comedy"
1995,"91","nm0601619","nm0601619","war"
1995,"134","nm0958387","nm0629933","adventure"
1995,"94","nm0003620","nm0003620","comedy"
1995,"103","nm0001060","nm0001060","comedy"
1995,"115","nm0006889","nm0740400","comedy"
1995,"103","nm0640466","nm0203577","romance"
1994,"113","nm0005190","nm0723351","comedy"
1995,"96","nm0137363","nm0137363","children"
1994,"121","nm0741262","nm0741262","romance"
1994,"109","nm0718645","nm0175620","sci.fi"
1994,"112","nm0000776","nm0629933","drama"
1994,"161","nm0161717","nm0241416","romance"
1994,"115","nm0625458","nm0625458","romance"
1993,"110","nm0718645","nm0002657","romance"
1994,"83","nm0873266","nm0873266","romance"
1993,"111","nm0000907","nm0805965","comedy"
1993,"125","nm0001129","nm0638913","drama"
1993,"131","nm0000277","nm0629933","romance"
1994,"98","nm0241090","nm0241090","comedy"
1994,"93","nm0281598","nm0281598","romance"
1990,"119","nm0005190","nm0493369","romance"
1996,"112","nm0001874","nm5462342","romance"
1995,"92","nm0864468","nm0741942","thriller"
1996,"121","nm0000165","nm0697115","thriller"
1996,"84","nm0691194","nm0275286","thriller"
1996,"133","nm0001403","nm0001403","war"
1972,"154","nm0575389","nm0055726","comedy"
1985,"108","nm0004838","nm0698493","comedy"
1993,"98","nm0154819","nm0075727","romance"
1997,"116","nm0637518","nm0378144","romance"
1997,"97","nm0423623","nm0418321","romance"
1997,"155","nm0000229","nm0291905","drama"
1997,"119","nm0006854","nm0001220","romance"
1998,"87","nm0298807","nm0003535","thriller"
1994,"135","nm0586482","nm0406534","drama"
1997,"122","nm0000816","nm0455207","crime"
1995,"104","nm0002653","nm0378144","fantasy"
1995,"106","nm0796124","nm0329304","comedy"
1995,"51","nm0522844","nm0312442","documentary"
1995,"93","nm0542752","nm0591160","sci.fi"
1995,"91","nm0802617","nm0281969","action"
1995,"108","nm0240995","nm0639321","sci.fi"
1995,"90","nm0000824","nm0242059","thriller"
1996,"112","nm0001130","nm0003298","drama"
1996,"92","nm0240797","nm0379056","comedy"
1996,"92","nm0769703","nm0769703","romance"
1992,"117","nm0399737","nm0000552","romance"
1995,"86","nm0787257","nm0787257","documentary"
1995,"82","nm0001206","nm0820669","horror"
1995,"100","nm0797869","nm0646818","children"
1995,"109","nm0550881","nm0000341","mystery"
1995,"102","nm0002083","nm0002083","film.noir"
1995,"103","nm0519434","nm0317218","sci.fi"
1995,"91","nm0164187","nm0005101","drama"
1995,"95","nm0909026","nm0909026","thriller"
1995,"98","nm0927074","nm0927074","horror"
1995,"106","nm0002120","nm0451884","romance"
1995,"115","nm0004838","nm0026671","drama"
1995,"90","nm0002340","nm0002340","horror"
1994,"97","nm0505230","nm0126406","romance"
1994,"101","nm0000824","nm0058302","action"
1994,"107","nm0125803","nm0125803","comedy"
1995,"111","nm0001410","nm0111845","romance"
1994,"98","nm0336695","nm0336695","drama"
1994,"110","nm0000907","nm0560469","romance"
1994,"89","nm0419884","nm0112488","horror"
1994,"109","nm0422484","nm0236884","romance"
1995,"113","nm0619762","nm0842523","romance"
1995,"108","nm0946811","nm0032318","comedy"
1994,"94","nm0586198","nm0934483","horror"
1994,"93","nm0398986","nm0398986","comedy"
1995,"97","nm0781842","nm0877425","comedy"
1995,"94","nm0563039","nm0551923","children"
1994,"98","nm0000095","nm0000095","comedy"
1994,"115","nm0000490","nm0000490","comedy"
1994,"101","nm0000921","nm0026862","romance"
1994,"95","nm0677953","nm0421084","children"
1994,"99","nm0881038","nm0455207","romance"
1994,"99","nm0001382","nm0894156","sci.fi"
1995,"108","nm0364578","nm0859469","action"
1994,"91","nm0455214","\N","drama"
1994,"95","nm0000118","nm0006894","horror"
1994,"107","nm0001274","nm0032318","comedy"
1993,"97","nm0000247","nm0679326","crime"
1993,"140","nm0000231","nm0000231","war"
1994,"112","nm0001469","nm0001469","comedy"
1993,"104","nm0000095","nm0000095","mystery"
1993,"97","nm0400436","nm0400436","crime"
1993,"109","nm0005436","nm0005436","drama"
1993,"112","nm0911486","nm0911486","action"
1993,"125","nm0442241","nm0000341","mystery"
1994,"108","nm0611683","nm0462895","action"
1993,"98","nm0320660","nm0001528","documentary"
1994,"95","nm0004305","nm0053096","children"
1995,"102","nm0258531","nm0258531","documentary"
1994,"60","nm0045321","nm0045321","documentary"
1996,"108","nm0001355","nm0800124","romance"
1995,"95","nm0174374","nm0000850","horror"
1995,"88","nm0894812","nm0245499","drama"
1996,"108","nm0000490","nm0663016","comedy"
1996,"100","nm0711114","nm0119542","comedy"
1996,"88","nm0701592","nm0748874","fantasy"
1996,"105","nm0000907","nm0840380","romance"
1968,"130","nm0001023","nm0001023","drama"
1996,"107","nm0848414","nm0223320","film.noir"
1996,"91","nm0399737","nm0005421","comedy"
1996,"115","nm0878638","nm0878638","sci.fi"
1996,"100","nm0934578","nm0090151","adventure"
1996,"114","nm0003418","nm0092018","adventure"
1996,"109","nm0381699","nm0121106","children"
1996,"98","nm0393661","nm0926211","adventure"
1996,"89","nm0375476","nm0375476","mystery"
1996,"101","nm0000118","nm0000118","sci.fi"
1996,"110","nm0422484","nm0745087","fantasy"
1996,"84","nm0225416","nm0171474","action"
1995,"87","nm0152640","nm0000118","horror"
1934,"107","nm0762263","nm0388755","musical"
1939,"110","nm0523932","nm0000697","romance"
1941,"135","nm0001008","nm0728307","drama"
1985,"93","nm0477035","nm0938944","action"
1996,"101","nm0376487","nm0299301","horror"
1996,"101","nm0001353","nm0001353","western"
1996,"91","nm0336726","nm0110778","thriller"
1960,"134","nm0842582","nm0842582","children"
1959,"104","nm0059106","nm0909556","children"
1996,"102","nm0109165","nm0109165","crime"
1996,"108","nm0000158","nm0000158","comedy"
1996,"93","nm0696309","nm0005082","romance"
1996,"112","nm0000199","nm0000636","documentary"
1944,"95","nm0229424","nm0151452","film.noir"
1990,"107","nm0001716","nm0001801","romance"
1996,"105","nm0191712","\N","documentary"
1967,"87","nm0000419","nm0000419","drama"
1996,"85","nm0579690","\N","thriller"
1992,"104","nm0001392","nm0001392","horror"
1987,"91","nm0001392","nm0001392","horror"
1981,"117","nm0000894","nm0000894","mystery"
1991,"129","nm0000464","nm0000464","comedy"
1996,"75","nm0771652","nm0918904","documentary"
1996,"97","nm0925474","nm0827750","horror"
1986,"89","nm0910510","nm0045301","horror"
1987,"114","nm0772259","nm0004111","horror"
1988,"97","nm0001428","nm0019116","horror"
1996,"89","nm0505152","nm0466473","children"
1970,"94","nm0001120","nm0094558","drama"
1996,"101","nm0781842","nm0152501","comedy"
1996,"105","nm0001188","nm0001188","romance"
1996,"111","nm0006959","nm0255008","drama"
1995,"100","nm0956537","nm0787570","drama"
1997,"109","nm0855035","nm0714203","romance"
1997,"96","nm0001707","nm0001707","romance"
1997,"93","nm0450387","nm0003032","comedy"
1997,"109","nm0936673","nm0936673","romance"
1997,"101","nm0139111","nm0139111","romance"
1997,"83","nm0005139","nm0005139","drama"
1997,"100","nm0001024","nm0001023","romance"
1997,"97","nm0711840","nm0169505","action"
1997,"101","nm0104193","nm0011206","adventure"
1997,"89","nm0818639","nm0909556","mystery"
1997,"124","nm0001460","nm0771512","war"
1997,"115","nm0863387","nm0863387","drama"
1997,"115","nm0002140","nm0416556","drama"
1997,"101","nm0272704","nm0000390","drama"
1997,"106","nm0000464","\N","documentary"
1998,"96","nm0152640","nm0465588","horror"
1997,"103","nm0000965","nm0388076","romance"
1997,"108","nm0501435","nm0501435","drama"
1997,"102","nm0001214","nm0001214","drama"
1997,"100","nm0006845","nm0006845","romance"
1997,"95","nm0502954","nm0095460","adventure"
1997,"105","nm0558773","nm0792526","war"
1997,"93","nm0562645","nm0909556","fantasy"
1997,"115","nm0818465","nm0398174","comedy"
1997,"102","nm0331532","nm0000455","children"
1997,"120","nm0000127","nm0932078","horror"
1997,"112","nm0000382","nm0000382","drama"
1997,"101","nm0566506","nm0628399","sci.fi"
1997,"177","nm0000126","nm0001338","drama"
1997,"108","nm0000614","nm0000614","drama"
1997,"134","nm0000217","nm0558953","drama"
1997,"87","nm0867262","nm0698493","comedy"
1998,"117","nm0001053","nm0001053","mystery"
1997,"119","nm0748928","nm0748928","romance"
1997,"88","nm0075626","nm0075626","comedy"
1998,"111","nm0190859","nm0002042","romance"
1997,"132","nm0000788","nm0428630","romance"
1998,"80","nm0409197","nm0409197","comedy"
1998,"82","nm0205542","nm0107366","comedy"
1998,"111","nm0380980","nm0231639","drama"
1997,"128","nm0000198","nm0000198","drama"
1998,"94","nm0000914","nm0000914","crime"
1998,"131","nm0000829","nm0400403","thriller"
1997,"93","nm0477193","nm0010434","comedy"
1998,"108","nm0573796","nm0002983","mystery"
1998,"143","nm0001566","nm0561938","drama"
1998,"130","nm0394280","nm0326040","sci.fi"
1998,"111","nm0000887","nm0465199","thriller"
1998,"114","nm0797869","nm0000694","romance"
1995,"112","nm0000466","nm0000466","sci.fi"
1995,"85","nm0001226","nm0825010","drama"
1992,"171","nm0155280","nm0523760","romance"
1995,"121","nm0000464","nm0000464","western"
1991,"125","nm0955443","nm0867263","drama"
1996,"129","nm0000631","nm0317335","adventure"
1996,"117","nm0001093","nm0311469","sci.fi"
1996,"92","nm0911486","nm0476065","comedy"
1995,"103","nm0000264","nm0000264","drama"
1996,"101","nm0281598","nm0281598","horror"
1996,"100","nm0400486","nm0852430","children"
1996,"107","nm0001112","nm0493369","adventure"
1996,"96","nm0001239","nm0404396","sci.fi"
1996,"101","nm0262693","nm0445552","children"
1996,"99","nm0001206","nm0820669","drama"
1996,"123","nm0001508","nm0778819","drama"
1997,"122","nm0000915","nm0000915","war"
1996,"108","nm0379179","nm0379179","romance"
1997,"105","nm0602104","nm0428630","drama"
1997,"98","nm0760131","nm0583238","romance"
1995,"122","nm0733692","nm0330108","thriller"
1994,"92","nm0499724","nm0929186","comedy"
1994,"101","nm0450194","nm0557895","comedy"
1993,"118","nm0001270","nm0486824","drama"
1993,"96","nm0000812","nm0000812","thriller"
1994,"128","nm0001508","nm0122950","war"
1963,"113","nm0002045","nm0832099","mystery"
1981,"83","nm0359457","nm0560329","animation"
1988,"168","nm0000108","nm0000108","adventure"
1997,"79","nm0689385","nm0119405","romance"
1995,"117","nm0602104","nm0026862","romance"
1995,"115","nm0343260","nm0193009","drama"
1995,"96","nm0000568","nm0558953","fantasy"
1995,"83","nm0911061","nm0000808","comedy"
1995,"93","nm0000473","nm0481418","comedy"
1995,"73","nm0444857","\N","documentary"
1995,"101","nm0000500","nm0000500","romance"
1994,"110","nm0000914","nm0000914","drama"
1991,"105","nm0000487","nm0770005","comedy"
1994,"133","nm0955443","nm0523760","drama"
1993,"103","nm0000500","nm0000500","comedy"
1993,"131","nm0005139","nm0005139","drama"
1992,"94","nm0006845","nm0006845","drama"
1993,"114","nm0638033","nm0000807","drama"
1994,"25","nm0382584","nm0000671","thriller"
1995,"92","nm0410139","nm0060914","comedy"
1957,"103","nm0002045","nm0314826","musical"
1957,"115","nm0564970","nm0829330","romance"
1936,"102","nm0188669","nm0122364","drama"
1949,"102","nm0467396","nm0372942","musical"
1968,"25","nm0789313","nm0314788","animation"
1991,"113","nm0155093","nm0001160","comedy"
1991,"96","nm0759368","nm0599291","war"
1992,"135","nm0000626","nm0000626","drama"
1995,"10","nm0005200","\N","documentary"
1996,"101","nm0772259","nm0415425","thriller"
1996,"97","nm0001226","nm0189610","thriller"
1996,"94","nm0053157","nm0179968","sci.fi"
1996,"114","nm0541677","nm0650276","action"
1996,"132","nm0423333","nm0291082","mystery"
1996,"94","nm0462895","nm0462895","thriller"
1996,"114","nm0330360","nm0004332","drama"
1997,"95","nm0740213","nm0490417","drama"
1996,"101","nm0482681","nm0272511","adventure"
1996,"95","nm0427468","nm0427468","thriller"
1997,"103","nm0181902","nm0316724","thriller"
1996,"101","nm0706182","nm0189105","drama"
1997,"100","nm0125111","nm0107954","thriller"
1996,"95","nm0002337","nm0084114","thriller"
1997,"105","nm0477129","nm0333804","romance"
1997,"75","nm0227540","nm0501729","animation"
1997,"108","nm0741262","nm0741262","romance"
1997,"113","nm0340037","nm0679037","crime"
1996,"92","nm0933604","nm0259255","thriller"
1997,"93","nm0166256","nm0314788","animation"
1997,"92","nm0443181","nm0143944","drama"
1997,"86","nm0899854","nm0899854","comedy"
1995,"100","nm0805965","nm0805965","children"
1995,"95","nm0000601","nm0291253","comedy"
1994,"80","nm0720304","nm0254402","comedy"
1994,"107","nm0413875","nm0455207","comedy"
1994,"98","nm0934578","nm0001357","western"
1996,"94","nm0000484","nm0020068","comedy"
1997,"84","nm0589106","nm0000491","comedy"
1993,"115","nm0001353","nm0587518","western"
1991,"98","nm0001425","nm0001425","drama"
1991,"158","nm0000694","nm0000694","sci.fi"
1996,"84","nm0001302","nm0001302","comedy"
1996,"103","nm0366004","nm0366004","drama"
1996,"118","nm0000934","nm0000934","drama"
1996,"107","nm0773603","nm0100765","drama"
1996,"104","nm0381273","nm0381273","crime"
1997,"109","nm0858525","nm0089676","comedy"
1997,"89","nm0515891","nm0143596","adventure"
1997,"92","nm0592400","nm0771494","comedy"
1996,"93","nm0742428","nm0623297","children"
1997,"115","nm0922346","nm0003298","adventure"
1996,"95","nm0000114","nm0000114","drama"
1989,"101","nm0000264","nm0000264","drama"
1989,"111","nm0000247","nm0000247","thriller"
1944,"114","nm0002030","nm0049721","mystery"
1963,"138","nm0000019","nm0000019","drama"
1997,"80","nm0001554","\N","documentary"
1997,"98","nm0718645","nm0304665","comedy"
1997,"97","nm0331296","nm0941173","romance"
1997,"105","nm0258066","nm0835732","thriller"
1997,"94","nm0037278","nm0788583","comedy"
1995,"104","nm0467646","nm0712753","action"
1995,"101","nm0222043","nm0425756","romance"
1995,"88","nm0287198","nm0866063","comedy"
1993,"92","nm0790715","nm0465199","comedy"
1994,"94","nm0677951","nm0002657","children"
1994,"119","nm0770650","nm0683912","children"
1996,"88","nm0254786","nm0122484","children"
1996,"95","nm0000241","nm0597857","adventure"
1993,"98","nm0005509","nm0325271","comedy"
1991,"103","nm0429517","nm0204313","fantasy"
1982,"115","nm0083279","nm0143558","musical"
1997,"118","nm0835732","nm0835732","thriller"
1996,"242","nm0000110","nm0000636","drama"
1996,"96","nm0071611","nm0001459","romance"
1995,"101","nm0000345","nm0304665","romance"
1995,"102","nm0322865","nm0835732","mystery"
1995,"85","nm0314104","nm0076602","comedy"
1994,"112","nm0000165","nm0462895","comedy"
1993,"122","nm0001837","nm0947913","drama"
1993,"107","nm0000887","nm0291082","thriller"
1996,"117","nm0000601","nm0304665","comedy"
1996,"96","nm0122653","nm0122653","romance"
1996,"108","nm0934863","nm0330195","comedy"
1947,"104","nm0000581","nm0242897","romance"
1996,"114","nm0677953","nm0140643","comedy"
1995,"88","nm0000316","nm0831290","horror"
1995,"102","nm0322128","nm0454783","drama"
1996,"96","nm0145309","nm0558533","comedy"
1994,"106","nm0533564","nm0000188","drama"
1992,"94","nm0868219","nm0868219","horror"
1996,"98","nm0716257","nm0716257","comedy"
1994,"126","nm0000816","nm0574830","adventure"
1996,"89","nm0054077","nm0005541","comedy"
1996,"96","nm0006625","nm0070676","children"
1996,"129","nm0363326","nm0363326","comedy"
1997,"110","nm0000853","nm0300004","drama"
1995,"97","nm0190859","nm0481418","children"
1947,"86","nm0229424","nm0112218","film.noir"
1982,"86","nm0716585","nm0006129","documentary"
1995,"78","nm0920425","nm0504327","animation"
1996,"91","nm0027572","nm0005562","comedy"
1995,"113","nm0868153","nm0868153","drama"
1994,"105","nm0001325","nm0001325","crime"
1995,"90","nm0001139","nm0001139","comedy"
1995,"94","nm0902939","nm0083326","comedy"
1995,"94","nm0104481","nm0911750","romance"
1994,"89","nm0000965","nm0388076","thriller"
1994,"99","nm0001774","nm0157536","comedy"
1994,"99","nm0471461","nm0222757","drama"
1994,"80","nm0002653","nm0176497","fantasy"
1994,"101","nm0848092","nm0848092","thriller"
1988,"74","nm0780117","nm0314788","animation"
1996,"80","nm0668500","nm0668500","musical"
1994,"80","nm0061944","nm0061944","comedy"
1996,"88","nm0102929","nm0102929","crime"
1996,"120","nm0834201","nm0372877","drama"
1996,"94","nm0000228","nm0287147","crime"
1995,"117","nm0086282","nm0086282","documentary"
1996,"109","nm0000853","nm0365659","romance"
1996,"110","nm0459170","nm0459170","drama"
1996,"90","nm0576509","nm0770360","action"
1997,"93","nm0007139","nm0597857","action"
1997,"121","nm0000957","nm0003662","romance"
1993,"107","nm0637518","nm0000390","thriller"
1977,"128","nm0089940","nm0589316","animation"
1996,"112","nm0005190","nm0438230","comedy"
1995,"95","nm0492087","nm0492087","comedy"
1996,"108","nm0001454","nm0001454","comedy"
1996,"86","nm0000952","nm0698493","comedy"
1997,"88","nm0850044","nm0850044","romance"
1995,"98","nm0440913","nm0440913","drama"
1996,"92","nm0751102","nm0751102","comedy"
1994,"111","nm0372092","nm0206695","drama"
1994,"91","nm0006888","nm0006888","romance"
1993,"112","nm0770961","nm0345359","mystery"
1995,"118","nm0874096","nm0922799","romance"
1990,"107","nm0001325","nm0001325","comedy"
1992,"95","nm0069715","nm0069715","crime"
1998,"89","nm0005871","nm0815425","adventure"
1998,"122","nm0000500","nm0000500","crime"
1995,"100","nm0000958","nm0489620","drama"
1995,"116","nm0578757","nm0060914","drama"
1994,"103","nm0000591","nm0947913","thriller"
1995,"104","nm0003080","nm0093328","musical"
1994,"87","nm0795803","nm0795803","drama"
1994,"128","nm0005421","nm0005421","drama"
1994,"125","nm0748928","nm0748928","drama"
1996,"91","nm0005196","nm0001590","comedy"
1996,"134","nm0638080","nm0000636","romance"
1940,"94","nm0541149","nm0285218","adventure"
1996,"125","nm0412465","nm0695609","drama"
1978,"86","nm0001045","nm0001045","comedy"
1987,"95","nm0222043","nm0000455","romance"
1996,"135","nm0306949","nm0306949","comedy"
1964,"91","nm0218840","nm0218840","musical"
1939,"92","nm0000923","nm0228693","crime"
1954,"116","nm0112218","nm0258493","drama"
1932,"80","nm0097648","nm0002133","war"
1961,"100","nm0002338","nm0001986","thriller"
1958,"86","nm0836328","nm0002133","adventure"
1998,"103","nm0001837","nm0629272","drama"
1995,"106","nm0112374","\N","documentary"
1994,"102","nm0939182","nm0939182","mystery"
1995,"87","nm0624516","nm0604666","documentary"
1995,"119","nm0001331","nm0001331","thriller"
1996,"99","nm0047076","nm0047076","romance"
1975,"97","nm0396421","nm0450720","fantasy"
1996,"120","nm0000490","nm0090066","drama"
1991,"140","nm0000231","nm0000231","musical"
1996,"130","nm0001661","nm0171474","drama"
1996,"90","nm0531751","nm1281893","romance"
1997,"90","nm0205542","nm0113061","crime"
1995,"105","nm0812200","nm0604360","crime"
1994,"118","nm0000570","nm0000570","comedy"
1993,"96","nm0373698","\N","documentary"
1996,"88","nm0309382","\N","documentary"
1996,"102","nm0000759","nm0000759","crime"
1996,"93","nm0208854","nm0208854","drama"
1994,"108","nm0001243","nm0005421","drama"
1993,"90","nm0925870","nm0788612","drama"
1995,"128","nm0622695","nm0622695","drama"
1994,"125","nm0317981","nm0368607","drama"
1971,"100","nm0001676","nm0001676","drama"
1996,"103","nm0000915","nm0353187","drama"
1996,"99","nm0004365","nm0711877","crime"
1996,"113","nm0000277","nm0778819","war"
1994,"100","nm0812200","nm0859241","musical"
1965,"99","nm0000419","nm0000419","sci.fi"
1995,"98","nm0006445","nm0006445","romance"
1995,"123","nm0870841","nm0870841","crime"
1997,"110","nm0001382","nm0427468","horror"
1995,"90","nm0415245","nm0064503","drama"
1979,"162","nm0001789","nm0001789","mystery"
1997,"108","nm0544079","nm0573645","romance"
1995,"92","nm0851930","nm0258444","action"
1996,"89","nm0254120","nm0254120","comedy"
1996,"144","nm0001005","nm0416556","drama"
1997,"98","nm0004305","nm0070676","children"
1996,"90","nm0591171","nm0425756","comedy"
1993,"100","nm0000780","nm0292081","comedy"
1994,"100","nm0123587","nm0828350","comedy"
1993,"123","nm0000934","nm0000934","drama"
1994,"114","nm0945026","nm0945026","drama"
1994,"100","nm0751102","nm0751102","comedy"
1994,"110","nm0029242","nm0029242","drama"
1939,"133","nm0002030","nm0829330","comedy"
1997,"103","nm0949796","nm0949796","romance"
1996,"110","nm0950001","nm0690069","thriller"
1997,"92","nm0002049","nm0002049","romance"
1997,"103","nm0935863","nm0101639","war"
1996,"88","nm0477129","nm0333949","comedy"
1995,"95","nm0145309","nm0175080","comedy"
1995,"96","nm0650561","nm0189979","comedy"
1994,"123","nm0796124","nm0583600","action"
1994,"100","nm0005540","nm0005540","action"
1994,"93","nm0006916","nm0813825","comedy"
1994,"102","nm0150707","nm0937074","action"
1994,"109","nm0113164","nm0113164","documentary"
1994,"91","nm0677943","nm0046943","war"
1994,"110","nm0723685","nm0255133","comedy"
1975,"91","nm0384335","nm0384335","crime"
1990,"104","nm0614276","nm0299301","western"
1997,"106","nm0416945","nm0416945","drama"
1997,"105","nm0005348","nm0228908","romance"
1998,"89","nm0048745","nm0584297","crime"
1992,"93","nm0808807","nm0334601","drama"
1994,"113","nm0541391","nm0541391","drama"
1994,"102","nm0848414","nm0114526","crime"
1993,"108","nm0349425","nm0349425","drama"
1992,"126","nm0171664","nm0276466","drama"
1996,"109","nm0669004","nm0000671","comedy"
1960,"118","nm0167496","nm0167496","crime"
1994,"105","nm0811714","nm0739744","horror"
1950,"113","nm0767701","nm0456017","children"
1996,"52","nm0402383","\N","documentary"
1994,"93","nm0941811","nm0477910","comedy"
1935,"101","nm0762263","nm0778818","musical"
1942,"99","nm0523932","nm0501872","war"
1996,"95","nm0358960","nm0358960","drama"
1993,"96","nm0296861","nm0296861","comedy"
1995,"95","nm0001243","nm0000390","thriller"
1995,"101","nm0775447","nm0372942","crime"
1994,"97","nm0001188","nm0001188","comedy"
1995,"106","nm0502577","nm0077171","sci.fi"
1994,"101","nm0724798","nm0500090","romance"
1993,"126","nm0460141","nm0460141","mystery"
1993,"107","nm0001486","nm0169540","crime"
1976,"109","nm0651915","nm0651915","drama"
1996,"98","nm0389514","nm0679326","sci.fi"
1996,"78","nm0832369","nm0292072","romance"
1995,"133","nm0001149","nm0001338","thriller"
1995,"91","nm0336620","nm0001084","comedy"
1995,"78","nm0510674","nm0683724","animation"
1995,"128","nm0005436","nm0005436","drama"
1994,"126","nm0001502","nm0060103","drama"
1993,"110","nm0394280","nm0171474","action"
1993,"103","nm0001752","nm0001752","drama"
1994,"101","nm0006916","nm0000921","drama"
1995,"90","nm0425957","nm0190169","comedy"
1996,"113","nm0001486","nm0001486","crime"
1995,"112","nm0001565","nm0047748","drama"
1995,"100","nm0614276","nm0493369","action"
1996,"106","nm0258424","nm0454573","thriller"
1994,"133","nm0000265","nm0000265","comedy"
1990,"93","nm0514546","nm0334457","action"
1991,"120","nm0450194","\N","documentary"
1996,"103","nm0219136","nm0219136","drama"
1997,"95","nm0005618","nm0005618","comedy"
1995,"90","nm0180891","nm0424934","crime"
1995,"94","nm0734308","nm0001986","drama"
1996,"100","nm0233094","nm0233094","comedy"
1996,"85","nm0603588","nm0181117","drama"
1995,"124","nm0001317","nm0455207","adventure"
1995,"83","nm0651900","nm0411872","animation"
1996,"100","nm0001241","nm0236486","comedy"
1991,"95","nm0382327","nm0201063","comedy"
1997,"97","nm0667630","nm0000175","horror"
1997,"117","nm0141961","nm0271098","action"
1997,"91","nm0193554","nm0193554","crime"
1995,"90","nm0066439","nm0125803","comedy"
1994,"99","nm0438279","nm0277393","western"
1993,"106","nm0000776","nm0828342","thriller"
1993,"96","nm0001756","nm0465199","comedy"
1995,"90","nm0722221","nm0336462","action"
1996,"100","nm0246159","nm0246159","comedy"
1963,"103","nm0000419","nm0000419","drama"
1995,"99","nm0834338","nm0041722","thriller"
1997,"94","nm0128883","nm0009190","comedy"
1996,"92","nm0629387","nm0759070","drama"
1997,"94","nm0002376","nm0001728","drama"
1997,"98","nm0528718","nm0077052","romance"
1995,"95","nm0330057","nm0330057","romance"
1995,"111","nm0002140","nm0358960","drama"
1995,"109","nm0946811","nm0174934","drama"
1996,"86","nm0392237","nm0392237","romance"
1996,"102","nm0371852","nm0643093","drama"
1994,"83","nm0615536","\N","drama"
1997,"86","nm0037708","nm0037708","drama"
1974,"100","nm0116663","nm0116663","drama"
1995,"128","nm0000490","nm0697115","drama"
1992,"139","nm0000591","nm0102722","drama"
1957,"130","nm0000697","nm0000697","romance"
1993,"91","nm0487567","nm0492909","comedy"
1994,"87","nm0001661","nm0770650","comedy"
1994,"87","nm0817639","nm0625214","comedy"
1994,"121","nm0750701","nm0712753","thriller"
1993,"104","nm0215269","nm0591160","sci.fi"
1994,"95","nm0540468","nm0540468","thriller"
1996,"99","nm0326837","nm0742568","drama"
1996,"123","nm0336620","nm0119405","crime"
1997,"127","nm0622695","nm0622695","musical"
1997,"106","nm0213100","nm0927345","children"
1997,"116","nm0467942","nm0467942","crime"
1996,"88","nm0472495","nm0472495","drama"
1995,"107","nm0559879","nm0001986","drama"
1997,"106","nm0004838","nm0414608","comedy"
1996,"108","nm0775447","nm0848217","mystery"
1994,"97","nm0042472","nm0042472","drama"
1937,"109","nm0762263","nm0636002","musical"
1996,"94","nm0184323","nm0148489","comedy"
1995,"80","nm0759410","nm0759410","comedy"
1995,"110","nm0003201","nm0003201","romance"
1994,"118","nm0086820","nm0155009","romance"
1996,"91","nm0213726","nm0031976","comedy"
1997,"89","nm0006916","nm0745087","fantasy"
1997,"101","nm0182873","nm0182873","fantasy"
1996,"145","nm0668132","nm0668132","documentary"
1997,"87","nm0006798","nm0006798","comedy"
1996,"98","nm0575361","nm0792526","comedy"
1994,"108","nm0139111","nm0001801","romance"
1953,"112","nm0591486","nm0503585","musical"
1941,"119","nm0828419","nm0753452","romance"
1997,"113","nm0934525","nm0392848","romance"
1981,"106","nm0718645","nm0089676","comedy"
1996,"107","nm0245747","nm0245726","comedy"
1994,"115","nm0002044","nm0001353","action"
1993,"93","nm0613498","nm0440569","crime"
1995,"91","nm0538614","nm0454783","comedy"
1995,"102","nm0455394","nm0461341","drama"
1995,"91","nm0812773","nm0812773","documentary"
1994,"109","nm0415617","nm0415617","comedy"
1974,"80","nm0488272","nm0168764","drama"
1945,"117","nm0587277","nm0113689","drama"
1995,"124","nm0001845","nm0060103","comedy"
1995,"99","nm0770942","nm0001083","comedy"
1998,"114","nm0772522","nm0153777","film.noir"
1994,"96","nm0225416","nm0077171","adventure"
1997,"110","nm0640466","nm0387025","romance"
1998,"169","nm0000602","nm0481418","drama"
1995,"91","nm0241090","nm0251188","drama"
1995,"95","nm0494889","\N","documentary"
1995,"91","nm0203993","nm0203993","drama"
1995,"97","nm0548957","nm0575865","drama"
1995,"97","nm0943237","nm0943237","comedy"
1993,"94","nm0440913","nm0440913","comedy"
1994,"113","nm0399003","nm0684163","drama"
1994,"108","nm0133044","nm0133044","thriller"
1996,"94","nm0000164","nm0155009","drama"
1996,"86","nm0168214","nm0759070","drama"
1994,"100","nm0691078","nm0213234","drama"
1994,"105","nm0438201","nm0021196","drama"
1995,"96","nm0382584","nm0256722","drama"
1994,"82","nm0684596","nm0241577","drama"
1994,"85","nm0834889","\N","documentary"
1993,"90","nm0603294","nm0603294","drama"
1994,"100","nm0158029","nm0498080","comedy"
1994,"102","nm0734319","nm0091076","drama"
1996,"88","nm0180912","nm0000519","drama"
1996,"93","nm0001274","nm0001274","fantasy"
1996,"93","nm0291442","nm0219720","comedy"
1995,"102","nm0001676","nm0778819","drama"
1993,"92","nm0629309","nm0279199","comedy"
1993,"81","nm0336241","nm0336241","romance"
1992,"123","nm0877790","nm0516207","drama"
1995,"91","nm0210701","nm0078760","drama"
1995,"87","nm0748218","nm0748218","drama"
1993,"90","nm2468656","nm5206629","drama"
1994,"99","nm0948021","nm0939102","drama"
1991,"109","nm0208854","nm0742270","drama"
1958,"98","nm0455839","nm0265792","drama"
1990,"104","nm0305368","nm0276466","drama"
1993,"87","nm0690213","nm0681654","comedy"
1949,"113","nm0955622","nm0155157","drama"
1995,"82","nm0788094","nm0788094","comedy"
1976,"101","nm0006357","nm0001202","drama"
1994,"87","nm0324660","nm0230449","romance"
1992,"108","nm0415617","nm0415617","drama"
1996,"119","nm0000111","nm0110832","drama"
1996,"88","nm0909699","nm0909699","comedy"
1993,"120","nm0426510","nm0426510","war"
1976,"75","nm0791027","nm0200670","action"
1996,"106.972842486421","nm0131203","nm0855743","drama"
1994,"85","nm0118809","nm0118809","comedy"
1994,"84","nm0440799","nm0440799","comedy"
1996,"97","nm1027203","nm1027203","action"
1996,"87","nm0887361","nm0647431","documentary"
1995,"105","nm0530376","nm0011410","action"
1993,"90","nm0333641","nm0194547","action"
1994,"62","nm0000419","nm0000419","documentary"
1994,"97","nm0840905","nm0324473","animation"
1994,"128","nm0240987","nm0240987","drama"
1951,"99","nm0538938","nm0538938","drama"
1994,"110","nm0219136","nm0219136","thriller"
1994,"96","nm0243191","nm0068914","horror"
1994,"106.972842486421","nm0295576","nm0295576","action"
1971,"12","nm0339241","nm0262706","unknown"
1980,"103","nm0666999","nm0020022","comedy"
1993,"105","nm0001949","nm0568605","drama"
1997,"105","nm0049975","nm0001098","comedy"
1996,"95","nm0742194","nm0742194","romance"
1997,"90","nm0819033","\N","documentary"
1996,"76","nm0188521","nm0051748","romance"
1996,"104","nm0691078","nm0590360","drama"
1996,"93","nm0000102","nm0580559","drama"
1965,"80","nm0889513","nm0889513","drama"
1997,"88","nm0572114","nm0456017","children"
1997,"102","nm0666640","nm0666640","drama"
1997,"98","nm0917992","nm0878125","romance"
1992,"83","nm0875354","nm0875354","sci.fi"
1997,"93","nm0769703","nm0769703","romance"
1996,"75","nm0538532","nm0538532","drama"
1995,"80","nm0309697","nm0309697","drama"
1995,"110","nm0585012","nm0898391","crime"
1996,"84","nm0000419","nm0000419","drama"
1997,"124","nm0445933","nm0445933","drama"
1997,"91","nm0928691","nm0075894","thriller"
1997,"115","nm0452319","nm0175676","romance"
1997,"86","nm0293533","nm0293533","drama"
1995,"99","nm0277439","nm0086333","drama"
1934,"83","nm0188669","nm0169556","drama"
1996,"120","nm0107141","\N","drama"
1997,"94","nm0316592","nm0398343","thriller"
1994,"94","nm0368981","nm0368981","romance"
1993,"101","nm0000343","nm0404846","drama"
1992,"100","nm0921631","nm0073053","drama"
1993,"100","nm0604335","nm0604335","comedy"
1987,"107","nm0732430","nm0732430","comedy"
1997,"74","nm0213726","nm0160602","drama"
1995,"94","nm0005390","nm0005390","romance"
1994,"110","nm0515891","nm0794326","action"
1994,"90","nm0507502","nm0156732","comedy"
1994,"93","nm0723704","nm0723704","animation"
1993,"105","nm3334255","\N","drama"
1968,"98","nm0671862","nm0094558","sci.fi"
1995,"71","nm0809823","nm0294440","animation"
1994,"102","nm0211823","nm0211823","action"
1995,"92","nm0938645","nm0938645","action"
1994,"107","nm0128883","nm0436543","children"
1994,"118","nm0132709","nm0310920","sci.fi"
1992,"91","nm0700641","nm0148448","drama"
1993,"139","nm0911061","nm0060103","drama"
1994,"99","nm0602452","nm0927074","sci.fi"
1999,"85","\N","\N","comedy"
1993,"92","nm0025978","nm0025978","drama"
1993,"96","nm0569166","nm0569166","film.noir"
1995,"88","nm0926211","nm0926211","war"
1994,"104","nm0552140","nm0552140","romance"
1994,"115","nm0000985","nm0000985","comedy"
1996,"116","nm0025978","nm0025978","comedy"
1995,"90","nm0169940","nm0502039","drama"
1996,"121","nm0000500","nm0091899","comedy"
1998,"99","nm0398185","nm0398185","romance"
1997,"101","nm0550446","nm0550446","drama"
1997,"93","nm0365131","nm0365131","thriller"
1998,"100","nm0155093","nm0495378","drama"
1998,"80","nm0578899","nm0002403","action"
1997,"109","nm0777447","nm0392020","romance"
1995,"135","nm0001112","nm0001112","comedy"
1993,"114","nm0001214","nm0744839","romance"
1994,"100","nm0583754","nm0119405","comedy"
1995,"124","nm0005522","nm0887708","drama"
1994,"119","nm0570408","nm0807155","crime"
1994,"96","nm0689385","nm0177875","drama"
1995,"105","nm0000770","nm0800124","romance"
1995,"135","nm0423646","nm0370426","drama"
1994,"105","nm0000814","nm0581224","drama"
1965,"116","nm0829038","nm0909556","mystery"
1994,"101","nm0516360","nm0613163","drama"
1995,"106","nm0918873","nm0325204","comedy"
1993,"112","nm0689081","nm0689081","drama"
1993,"127","nm0029242","nm0029242","drama"
1955,"125","nm0006249","nm0006249","drama"
1947,"95","nm0500552","nm0222079","adventure"
1940,"120","nm0000033","nm0372942","thriller"
1943,"91","nm0920074","nm0344631","mystery"
1946,"100","nm0562845","nm0452134","crime"
1947,"100","nm0335455","nm0335455","western"
1943,"116","nm0001328","nm0372942","western"
1953,"89","nm0001379","nm0001379","comedy"
1996,"105","nm0004767","nm0000636","comedy"
1937,"101","nm0828419","nm0067308","musical"
1995,"135","nm0594158","nm0316044","musical"
1995,"88","nm0006835","nm0006835","comedy"
1935,"65","nm0572851","nm0366942","comedy"
1996,"117","nm0029242","nm0029242","crime"
1997,"107","nm0768597","nm0288473","comedy"
1995,"109","nm0005077","nm0706882","drama"
1995,"108","nm0415617","nm0415617","comedy"
1995,"114","nm0710372","nm0192996","drama"
1993,"103","nm0006853","nm0450361","drama"
1995,"97","nm0005022","nm0002675","drama"
1995,"97","nm0382072","nm0521739","children"
1995,"90","nm0167029","nm0167029","animation"
1995,"106","nm0502577","nm0001825","thriller"
1993,"107","nm0688585","nm0002010","sci.fi"
1939,"93","nm0485943","nm0122364","children"
1994,"98","nm0414312","nm0414312","romance"
1993,"101","nm0149446","nm0149446","comedy"
1948,"79","nm0542649","nm0383421","film.noir"
1997,"101","nm0097079","nm0001752","horror"
1995,"119","nm0400436","nm0400436","crime"
1995,"91","nm0720000","nm0524108","comedy"
1974,"88","nm0829038","nm0909556","children"
1994,"96","nm0506461","nm0748035","drama"
1995,"180","nm0330544","nm0189749","documentary"
1998,"132","nm0908824","nm0241416","romance"
1995,"82","nm0577849","nm0929186","action"
1994,"110","nm0002174","nm0002174","war"
1995,"89","nm0686884","nm0912889","drama"
1993,"106","nm0001814","nm0001814","romance"
1993,"160","nm0001945","nm0001945","drama"
1994,"102","nm0000454","nm0061337","comedy"
1993,"82","nm0239822","nm0239822","comedy"
1995,"92","nm0000712","nm0000712","thriller"
1993,"115","nm0541098","nm0500407","comedy"
1995,"90","nm0643043","nm0643043","romance"
1994,"112","nm0000905","nm0003508","comedy"
1995,"85","nm0001325","nm0001325","drama"
1996,"89","nm0002137","nm0722610","crime"
1996,"86","nm0238743","nm0238743","documentary"
1997,"97","nm0782739","nm0782739","comedy"
1994,"92","nm0003508","nm0001929","comedy"
1996,"97","nm0613981","nm0093965","comedy"
1996,"99","nm0091076","nm0091076","war"
1993,"95","nm0019341","nm0912889","romance"
1995,"94","nm0229914","nm0322045","children"
1995,"91","nm0582481","nm0582481","crime"
1995,"106","nm0767110","nm0276466","drama"
1996,"123","nm0749914","nm0094726","comedy"
1995,"90","nm0272704","nm0178518","thriller"
1994,"109","nm0222043","nm0421084","comedy"
1996,"93","nm0084114","nm0084114","crime"
1996,"101","nm0242064","nm0242064","comedy"
1959,"105","nm0006249","nm0006249","drama"
1997,"105","nm0192090","nm0192090","comedy"
1997,"97","nm0852363","nm0113819","drama"
1995,"50","nm0000269","nm0000269","adventure"
1993,"90","nm0518644","nm0519273","drama"
1996,"100","nm0304395","nm0607454","drama"
1995,"111","nm0350455","nm0284524","drama"
1995,"98","nm0327064","nm0327064","crime"
1995,"102","nm0730722","nm0285858","horror"
1993,"98","nm0005237","nm0689778","romance"
1994,"107","nm0332392","nm0441750","thriller"
1994,"94","nm0000915","nm0101956","adventure"
1993,"139","nm0782266","nm0782266","drama"
1998,"111","nm0405336","nm0565522","romance"
1985,"112","nm0001837","nm0446015","romance"
1998,"93","nm0790715","nm0258627","comedy"
1997,"82","nm0000777","nm0000777","drama"
1995,"170","nm0001437","nm0001437","war"
1995,"139","nm0412465","nm0695609","drama"
1995,"81","nm0097491","nm0097491","children"
1994,"90","nm0785011","nm0583675","drama"
1993,"106","nm0069833","nm0069833","drama"
1997,"99","nm0020728","nm0020728","crime"
1994,"102","nm0001031","nm0001031","drama"
1994,"118","nm0158857","nm0158857","drama"
1996,"100","nm0423623","nm0637491","comedy"
1997,"86","nm0796357","nm0796359","drama"
1994,"122","nm0287025","nm0287025","drama"
1995,"84","nm0128883","nm0745087","children"
1994,"99","nm0912874","nm0161536","drama"
1926,"115","nm0803705","nm0370426","drama"
1996,"96","nm0798788","nm0798788","drama"
1995,"101","nm0855035","nm0204456","comedy"
1995,"101","nm0512327","nm0641622","romance"
1988,"97","nm0441072","nm0441072","drama"
1995,"93","nm0005367","\N","documentary"
1995,"103","nm0910510","nm0082379","thriller"
1995,"94","nm0095080","nm0588986","thriller"
1995,"102","nm0052944","nm0709070","comedy"
1994,"109","nm0122344","nm0122344","drama"
1995,"111","nm0493369","nm0493369","action"
1995,"99","nm0001752","nm0001752","mystery"
1994,"98","nm0010012","nm0045398","drama"
1993,"60","nm0097529","nm0097529","children"
1995,"83","nm0442455","nm0214663","thriller"
1993,"100","nm0389415","nm0306872","comedy"
1956,"110","nm0006249","nm0006249","drama"
1995,"90","nm0194274","nm0194274","thriller"
1981,"128","nm0851724","nm0860292","crime"
1994,"75","nm0442455","nm0442455","documentary"
1993,"110","nm0001031","nm0044534","documentary"
1993,"106.972842486421","nm0752110","nm0752110","romance"
1991,"106.972842486421","nm0128835","nm0222874","drama"
1992,"138","nm0174659","nm0042684","drama"
1943,"103","nm0502752","nm0446651","drama"
1992,"100","nm0534665","nm0534665","comedy"
1992,"88","nm0639618","nm0639618","romance"
1987,"80","nm0484009","nm0484009","comedy"
1992,"80","nm0067464","nm0067464","comedy"
1973,"85","nm0228013","nm0228013","drama"
1982,"75","nm0434095","\N","drama"
1968,"121","nm0000019","nm0000019","horror"
1995,"90","nm0378240","nm0378240","war"
1990,"105","nm0069833","nm0069833","drama"
1987,"97","nm0003927","nm0003927","fantasy"
1956,"104","nm0000320","nm0000320","drama"
1967,"86","nm0006445","nm0006445","drama"
1988,"90","nm0596571","nm0246503","thriller"
1933,"88","nm0649097","nm0759041","romance"
1950,"88","nm0002190","nm0187593","mystery"
1947,"92","nm0542649","nm0383421","film.noir"
1986,"92","nm0416049","nm0416049","drama"
1946,"110","nm0216381","nm0042179","drama"
1990,"98","nm0135199","\N","documentary"
1992,"128","nm0000247","nm0000247","crime"
1958,"80","nm0507390","nm0874308","western"
1996,"98","nm0021577","nm0021577","comedy"
1996,"96","nm0001752","nm0001752","comedy"
1995,"89","nm0557501","nm0557501","drama"
1995,"99","nm0939182","nm0939182","drama"
1999,"103","nm0206911","nm0181497","drama"
1990,"109","nm0747724","nm0654582","comedy"
1998,"44","nm0106451","nm0431971","documentary"
1994,"105","nm0027271","nm0027271","thriller"
1995,"83","nm0089502","nm0089502","sci.fi"
1992,"94","nm0942408","nm0942408","action"
1997,"97","nm0410139","nm0812747","crime"
1995,"96","nm0664607","nm0586235","drama"
1995,"105","nm0349425","nm0349425","comedy"
1997,"82","nm0792398","nm0001331","thriller"
1998,"117","nm0945026","nm0945026","drama"
1995,"99","nm0589182","nm0589182","drama"
1948,"79","nm0542649","nm0383421","film.noir"
1996,"101","nm0057284","nm0057284","comedy"
1997,"84","nm0003031","nm0003031","children"
1997,"91","nm0870186","nm0004752","comedy"
1997,"106","nm0000662","nm0592436","crime"
1996,"105","nm0328922","nm0328922","comedy"
1996,"100","nm0241090","nm0241092","romance"
1995,"87","nm0875354","nm0875354","action"
1958,"94","nm0591486","nm0258493","comedy"
1997,"131","nm0950553","nm0445914","fantasy"
1994,"97","nm0630057","nm0630057","drama"
1990,"103","nm0001206","nm0820669","crime"
1995,"130","nm0927090","nm0927090","drama"
1997,"107","nm0589168","nm0137342","comedy"
1995,"88","nm0935863","nm0101639","thriller"
1993,"112","nm0162013","nm0909464","comedy"
1995,"111","nm0001031","nm0001031","drama"
1998,"96","nm0200978","nm0200978","thriller"
1994,"104","nm0246903","nm0246903","comedy"
1995,"101","nm0006888","nm0006888","comedy"
1994,"116","nm0002167","nm0002167","drama"
1995,"70","nm0644467","nm0644467","documentary"
1994,"127","nm0864741","nm0100525","drama"
1993,"102","nm0761879","nm0761879","comedy"
1995,"109","nm0516360","nm0020653","war"
1995,"83","nm0296144","nm0296144","comedy"
1994,"102","nm0169348","nm0021734","drama"
1986,"76","nm0001005","nm0307712","drama"
1995,"102","nm0006841","nm0118556","drama"
1996,"90","nm0570995","nm0000666","drama"
1996,"101","nm0573796","nm0356424","crime"
1996,"105","nm0406687","nm0002662","drama"
1996,"118","nm0233757","nm0233757","drama"
1995,"93","nm0382147","nm0382147","documentary"
1996,"112","nm0313623","nm0006487","drama"
1995,"105","nm0753382","nm0753382","drama"
1996,"80","nm0791248","nm0791248","comedy"
1997,"110","nm0001403","nm0001403","drama"
1997,"127","nm0000626","nm0000626","action"
1997,"103","nm0001429","nm0001429","crime"
1997,"93","nm0331606","nm0919101","drama"
1997,"91","nm0601619","nm0601619","documentary"
1997,"110","nm0000519","nm0000519","thriller"
1996,"130","nm0155280","nm0155280","romance"
1996,"110","nm0722493","nm0920274","drama"
1994,"97","nm0677953","nm0569210","romance"
1997,"90","nm0070142","nm0070142","romance"
1995,"122","nm0712994","nm0006249","action"
1996,"91","nm0588458","nm0588458","comedy"
1995,"108","nm0533564","nm0533549","drama"
1994,"112","nm0866062","nm0866062","drama"
1995,"105","nm0672543","nm0153777","romance"
1995,"85","nm0642823","nm0605982","war"
1997,"95","nm0776114","nm0776114","comedy"
1997,"92","nm0742568","nm0742568","drama"
1996,"92","nm0644806","nm0644806","drama"
1997,"96","nm0264471","nm0715281","drama"
1996,"102","nm0527325","nm0349334","comedy"
1996,"113","nm0707033","nm0707033","mystery"
1998,"108","nm0262585","nm0267681","thriller"
1997,"96","nm0233920","nm0001653","drama"
1993,"114","nm0000264","nm0000264","drama"
1995,"92","nm0931435","nm0029068","thriller"
1962,"106","nm0001596","nm0001596","drama"
1996,"122","nm0001047","nm0495378","drama"
1996,"123","nm0000389","nm0240384","drama"
1995,"89","nm0935095","nm0238778","drama"
1997,"73","nm0812546","nm0032685","drama"
1998,"92","nm0705535","nm0203577","romance"
1994,"84","nm0772095","nm0001454","comedy"
1991,"105","nm0001348","nm0313274","drama"
