"year","runtime","unknown","action","adventure","animation","children","comedy","crime","documentary","drama","fantasy","film.noir","horror","musical","mystery","romance","sci.fi","thriller","war","western"
1995,"81",0,0,0,1,1,1,0,0,0,0,0,0,0,0,0,0,0,0,0
1995,"130",0,1,1,0,0,0,0,0,0,0,0,0,0,0,0,0,1,0,0
1995,"98",0,0,0,0,0,0,0,0,0,0,0,0,0,0,0,0,1,0,0
1995,"105",0,1,0,0,0,1,0,0,1,0,0,0,0,0,0,0,0,0,0
1995,"123",0,0,0,0,0,0,1,0,1,0,0,0,0,0,0,0,1,0,0
1995,"108",0,0,0,0,0,0,0,0,1,0,0,0,0,0,0,0,0,0,0
1995,"129",0,0,0,0,0,0,0,0,1,0,0,0,0,0,0,1,0,0,0
1995,"91",0,0,0,0,1,1,0,0,1,0,0,0,0,0,0,0,0,0,0
1995,"122",0,0,0,0,0,0,0,0,1,0,0,0,0,0,0,0,0,0,0
1995,"110",0,0,0,0,0,0,0,0,1,0,0,0,0,0,0,0,0,1,0
1995,"127",0,0,0,0,0,0,1,0,0,0,0,0,0,0,0,0,1,0,0
1995,"106",0,0,0,0,0,0,1,0,0,0,0,0,0,0,0,0,1,0,0
1995,"95",0,0,0,0,0,1,0,0,0,0,0,0,0,0,0,0,0,0,0
1994,"108",0,0,0,0,0,0,0,0,1,0,0,0,0,0,1,0,0,0,0
1995,"143",0,0,0,0,0,0,0,0,1,0,0,0,0,0,0,0,0,0,0
1995,"104",0,0,0,0,0,1,0,0,0,0,0,0,0,0,1,0,0,0,0
1996,"108",0,1,0,0,0,1,1,0,0,0,0,1,0,0,0,0,1,0,0
1995,"85",0,0,0,0,0,0,0,0,1,0,0,0,0,0,0,0,0,0,0
1995,"102",0,0,0,0,0,0,0,0,1,0,0,0,0,0,0,0,0,0,0
1995,"116",0,0,0,0,0,0,0,0,1,0,0,0,0,0,1,0,0,0,0
1996,"99",0,1,1,0,0,1,0,0,0,0,0,0,1,0,0,0,1,0,0
1995,"178",0,1,0,0,0,0,0,0,1,0,0,0,0,0,0,0,0,1,0
1976,"114",0,0,0,0,0,0,0,0,1,0,0,0,0,0,0,0,1,0,0
1995,"104",0,1,1,0,0,0,1,0,0,0,0,0,0,0,0,0,0,0,0
1996,"117",0,0,0,0,0,1,0,0,0,0,0,0,0,0,0,0,0,0,0
1995,"98",0,0,0,0,0,1,0,0,0,0,0,0,0,0,0,0,0,0,0
1995,"119",0,1,0,0,0,0,0,0,0,0,0,0,0,0,0,0,0,0,0
1995,"140",0,1,0,0,0,0,0,0,1,0,0,0,0,0,0,0,1,0,0
1995,"121",0,1,1,0,0,1,1,0,0,0,0,0,0,0,0,0,0,0,0
1967,"100",0,0,0,0,0,0,0,0,1,0,0,0,0,0,0,0,0,0,0
1995,"116",0,0,0,0,0,0,0,0,1,0,0,0,0,0,0,0,1,1,0
1994,"119",0,0,0,0,0,0,0,1,0,0,0,0,0,0,0,0,0,0,0
1995,"104",0,1,0,0,0,0,0,0,0,0,0,0,0,0,1,0,1,0,0
1995,"83",0,0,0,0,0,1,0,0,1,0,0,0,0,0,0,0,0,0,0
1995,"95",0,0,1,0,1,0,0,0,1,0,0,0,0,0,0,0,0,0,0
1995,"93",0,0,0,0,0,0,0,0,1,0,0,0,0,0,1,0,0,0,0
1994,"93",0,0,0,0,0,0,0,0,1,0,0,0,0,0,0,0,0,0,0
1995,"114",0,0,0,0,0,0,0,0,0,0,0,0,0,0,0,1,1,0,0
1995,"145",0,1,0,0,0,0,1,0,0,0,0,0,0,0,0,1,0,0,0
1995,"109",0,0,0,0,0,1,0,0,0,0,0,0,0,0,0,0,0,0,0
1995,"89",0,0,0,0,0,1,0,0,0,0,0,0,0,0,0,0,0,0,0
1994,"92",0,0,0,0,0,1,0,0,0,0,0,0,0,0,0,0,0,0,0
1994,"128",0,0,0,0,0,0,0,0,1,0,0,0,0,0,0,0,1,0,0
1995,"132",0,0,0,0,0,0,0,0,1,0,0,0,0,0,0,0,1,0,0
1994,"124",0,0,0,0,0,1,0,0,1,0,0,0,0,0,0,0,0,0,0
1994,"103",0,0,0,0,0,0,0,0,1,0,0,0,0,0,0,0,0,0,0
1994,"127",0,0,0,0,0,1,0,0,1,0,0,0,0,0,0,0,0,0,0
1994,"170",0,0,0,0,0,0,0,1,0,0,0,0,0,0,0,0,0,0,0
1994,"100",0,0,0,0,0,1,0,0,0,0,0,0,0,0,1,0,0,0,0
1977,"121",0,1,1,0,0,0,0,0,0,0,0,0,0,0,1,1,0,1,0
1994,"133",0,0,0,0,0,0,0,0,1,0,0,0,0,0,1,0,0,1,1
1994,"110",0,0,0,0,0,0,0,0,1,0,0,0,0,0,0,0,0,0,0
1994,"119",0,1,0,0,0,0,0,0,0,0,0,0,0,0,0,0,1,0,0
1995,"127",0,1,0,0,0,0,0,0,1,0,0,0,0,0,0,0,1,0,0
1994,"110",0,0,0,0,0,0,1,0,1,0,0,0,0,0,1,0,1,0,0
1994,"154",0,0,0,0,0,0,1,0,1,0,0,0,0,0,0,0,0,0,0
1994,"105",0,0,0,0,0,0,0,0,1,0,0,0,0,0,0,0,0,0,0
1994,"133",0,0,0,0,0,0,0,0,1,0,0,0,0,0,0,0,0,0,0
1994,"99",0,0,0,0,0,0,0,0,1,0,0,0,0,0,0,0,0,0,0
1993,"94",0,0,0,0,0,0,0,0,1,0,0,0,0,0,0,0,0,0,0
1994,"92",0,0,0,0,0,0,0,0,1,0,0,0,0,0,0,0,0,0,0
1994,"116",0,1,1,0,0,0,0,0,0,0,0,0,0,0,0,1,0,0,0
1994,"97",0,0,0,0,1,1,0,0,0,0,0,0,0,0,0,0,0,0,0
1994,"142",0,0,0,0,0,0,0,0,1,0,0,0,0,0,0,0,0,0,0
1993,"118",0,0,0,0,0,1,0,0,1,0,0,0,0,0,0,0,0,0,0
1995,"103",0,0,0,0,0,1,0,0,0,0,0,0,0,0,1,0,0,0,0
1994,"86",0,0,0,0,0,1,0,0,0,0,0,0,0,0,0,0,0,0,0
1994,"102",0,1,0,0,0,0,0,0,0,0,0,0,0,0,1,0,1,0,0
1994,"142",0,0,0,0,0,1,0,0,0,0,0,0,0,0,1,0,0,1,0
1994,"117",0,0,0,0,0,1,0,0,0,0,0,0,0,0,1,0,0,0,0
1994,"88",0,0,0,1,1,0,0,0,0,0,0,0,1,0,0,0,0,0,0
1994,"101",0,0,0,0,0,1,1,0,0,1,0,0,0,0,0,0,0,0,0
1994,"127",0,1,0,0,0,1,0,0,0,0,0,0,0,0,0,0,0,0,1
1965,"83",0,1,0,0,0,1,0,0,1,0,0,0,0,0,0,0,0,0,0
1994,"115",0,0,0,0,0,0,0,1,0,0,0,0,0,0,0,0,0,0,0
1993,"144",0,0,0,0,0,0,1,0,1,0,0,0,0,0,0,0,0,0,0
1993,"154",0,0,0,0,0,0,0,0,1,0,0,0,0,0,0,0,1,0,0
1993,"112",0,0,1,0,1,0,0,0,1,0,0,0,0,0,0,0,0,0,0
1993,"130",0,1,0,0,0,0,0,0,0,0,0,0,0,0,0,0,1,0,0
1993,"86",0,1,0,0,0,1,0,0,0,0,0,0,0,0,0,0,0,1,0
1994,"111",0,0,0,0,0,1,0,0,0,0,0,0,0,0,1,0,0,0,0
1993,"127",0,1,1,0,0,0,0,0,0,0,0,0,0,0,0,1,0,0,0
1993,"111",0,0,0,0,0,1,0,0,0,0,0,0,0,0,1,0,0,0,0
1994,"109",0,0,0,0,0,0,0,0,0,0,0,1,0,0,0,1,0,0,0
1994,"97",0,0,0,0,0,1,0,0,0,0,0,0,0,0,0,0,0,0,0
1993,"134",0,0,0,0,0,0,0,0,1,0,0,0,0,0,0,0,0,0,0
1993,"109",0,0,0,0,0,0,0,0,1,0,0,0,0,0,0,0,0,0,0
1993,"105",0,0,0,0,0,1,0,0,0,0,0,0,0,0,1,0,0,0,0
1982,"117",0,0,0,0,0,0,0,0,0,0,1,0,0,0,0,1,0,0,0
1993,"93",0,0,0,0,0,1,0,0,0,0,0,0,0,0,1,0,1,0,0
1993,"76",0,0,0,0,1,1,0,0,0,0,0,0,1,0,0,0,0,0,0
1993,"119",0,1,0,0,0,0,1,0,0,0,0,0,0,0,1,0,0,0,0
1995,"88",0,0,0,0,0,1,0,0,1,0,0,0,0,0,0,0,0,0,0
1990,"103",0,0,0,0,1,1,0,0,0,0,0,0,0,0,0,0,0,0,0
1992,"90",0,0,0,1,1,1,0,0,0,0,0,0,1,0,0,0,0,0,0
1991,"137",0,1,0,0,0,0,0,0,0,0,0,0,0,0,0,1,1,0,0
1990,"181",0,0,1,0,0,0,0,0,1,0,0,0,0,0,0,0,0,0,1
1991,"118",0,0,0,0,0,0,0,0,1,0,0,0,0,0,0,0,1,0,0
1937,"83",0,0,0,1,1,0,0,0,0,0,0,0,1,0,0,0,0,0,0
1996,"98",0,0,0,0,0,0,1,0,1,0,0,0,0,0,0,0,1,0,0
1981,"86",0,1,1,1,0,0,0,0,0,0,0,1,0,0,0,1,0,0,0
1970,"78",0,0,0,1,1,0,0,0,0,0,0,0,0,0,0,0,0,0,0
1996,"82",0,0,0,1,1,0,0,0,0,0,0,0,1,0,0,0,0,0,0
1995,"92",0,0,0,0,0,1,0,0,0,0,0,0,0,0,0,0,0,0,0
1996,"93",0,0,0,0,0,1,0,0,0,0,0,0,0,0,0,0,0,0,0
1996,"107",0,0,0,0,0,0,0,0,1,0,0,0,0,0,0,0,1,0,0
1996,"123",0,0,0,0,0,0,0,0,1,0,0,0,0,0,0,0,0,0,0
1996,"89",0,0,0,0,0,1,0,0,0,0,0,0,0,0,0,0,0,0,0
1996,"73",0,0,0,0,0,1,0,0,0,0,0,0,0,0,0,1,0,0,0
1995,"107",0,1,1,0,0,1,0,0,0,0,0,0,0,0,0,0,0,1,0
1996,"97",0,0,0,0,0,1,0,0,0,0,0,0,0,0,1,0,0,0,0
1996,"95",0,0,1,0,1,0,0,0,0,0,0,0,0,0,0,0,0,0,0
1995,"135",0,0,0,0,0,0,0,0,1,0,0,0,0,0,0,0,0,0,0
1996,"106.972842486421",0,0,0,1,0,0,0,0,0,0,0,0,0,0,0,0,0,0,0
1995,"89",0,0,0,0,0,0,0,1,0,0,0,0,0,0,0,0,0,0,0
1995,"105",0,0,0,0,0,1,0,0,0,0,0,0,0,0,0,0,0,0,0
1996,"136",0,1,1,0,0,0,0,0,0,0,0,0,0,0,0,0,1,0,0
1996,"113",0,1,1,0,0,0,0,0,0,0,0,0,0,0,0,0,1,0,0
1994,"105",0,0,0,0,0,0,0,1,0,0,0,0,0,0,0,0,0,0,0
1996,"115",0,0,0,0,0,1,1,0,0,0,0,0,0,0,0,0,0,0,0
1996,"145",0,1,0,0,0,0,0,0,0,0,0,0,0,0,0,1,0,1,0
1996,"96",0,0,0,0,0,1,0,0,0,0,0,0,0,0,0,0,0,0,0
1996,"110",0,0,0,0,0,1,0,0,0,0,0,1,0,0,0,0,0,0,0
1996,"135",0,0,0,0,0,0,0,0,1,0,0,0,0,1,0,0,0,0,0
1996,"123",0,0,0,0,0,0,0,0,1,0,0,0,0,0,1,0,0,0,0
1996,"117",0,0,0,0,0,0,0,0,1,0,0,0,0,0,0,0,0,0,0
1972,"175",0,1,0,0,0,0,1,0,1,0,0,0,0,0,0,0,0,0,0
1992,"96",0,1,0,0,0,0,0,0,0,0,0,0,0,0,0,0,1,0,0
1996,"109",0,0,0,0,0,0,1,0,1,0,0,0,0,0,1,0,1,0,0
1996,"116",0,0,0,0,0,0,1,0,0,0,0,0,0,0,0,0,0,0,0
1961,"115",0,0,0,0,0,0,0,0,1,0,0,0,0,0,1,0,0,0,0
1939,"102",0,0,1,0,1,0,0,0,1,0,0,0,1,0,0,0,0,0,0
1939,"238",0,0,0,0,0,0,0,0,1,0,0,0,0,0,1,0,0,1,0
1941,"119",0,0,0,0,0,0,0,0,1,0,0,0,0,0,0,0,0,0,0
1968,"149",0,0,0,0,0,0,0,0,1,0,0,0,0,1,0,1,1,0,0
1939,"129",0,0,0,0,0,0,0,0,1,0,0,0,0,0,0,0,0,0,0
1996,"109",0,0,0,0,0,0,0,0,1,0,0,0,0,0,0,0,0,0,0
1996,"104",0,0,0,0,1,1,0,0,0,0,0,0,0,0,0,0,0,0,0
1969,"108",0,0,0,0,1,1,0,0,0,0,0,0,0,0,0,0,0,0,0
1993,"84",0,0,1,0,1,0,0,0,0,0,0,0,0,0,0,0,0,0,0
1954,"127",0,0,1,0,1,0,0,0,0,1,0,0,0,0,0,1,0,0,0
1971,"117",0,0,1,0,1,0,0,0,0,0,0,0,1,0,0,0,0,0,0
1965,"172",0,0,0,0,0,0,0,0,0,0,0,0,1,0,0,0,0,0,0
1988,"132",0,1,0,0,0,0,0,0,0,0,0,0,0,0,0,0,1,0,0
1992,"108",0,1,0,0,0,0,0,0,0,0,0,0,0,0,0,1,1,0,0
1996,"103",0,0,0,0,0,0,0,0,1,0,0,0,0,0,0,0,0,0,0
1996,"121",0,1,0,0,0,0,0,0,0,0,0,0,0,0,0,0,1,0,0
1996,"110",0,1,1,0,0,0,0,0,0,0,0,0,0,0,0,0,0,0,0
1996,"123",0,0,0,0,0,0,0,0,1,0,0,0,0,0,0,0,0,0,0
1996,"96",0,0,0,0,0,1,0,0,1,0,0,0,0,0,0,0,0,0,0
1971,"100",0,0,1,0,1,1,0,0,0,0,0,0,0,0,0,0,0,0,0
1973,"89",0,0,0,0,0,1,0,0,0,0,0,0,0,0,0,1,0,0,0
1988,"108",0,0,0,0,0,1,0,0,0,0,0,0,0,0,0,0,0,0,0
1979,"94",0,0,0,0,0,1,0,0,0,0,0,0,0,0,0,0,0,0,0
1987,"100",0,0,0,0,0,0,0,0,0,0,0,0,1,0,1,0,0,0,0
1992,"99",0,0,0,0,0,0,1,0,0,0,0,0,0,0,0,0,1,0,0
1986,"120",0,0,0,0,0,0,0,0,1,0,0,0,0,0,0,0,0,1,0
1989,"97",0,0,0,0,0,1,0,0,0,0,0,0,0,0,0,0,0,0,0
1992,"127",0,0,0,0,0,0,0,0,0,0,0,0,0,1,0,0,1,0,0
1992,"100",0,0,0,0,0,0,0,0,1,0,0,0,0,0,0,0,0,0,0
1986,"109",0,1,0,0,0,0,0,0,0,0,0,0,0,0,1,0,0,0,0
1981,"109",0,0,0,0,0,0,0,0,1,0,0,0,0,0,0,0,0,0,0
1975,"113",0,0,0,0,0,1,0,0,0,0,0,0,0,0,0,0,0,0,0
1989,"140",0,1,1,0,0,0,0,0,0,0,0,0,0,0,0,1,1,0,0
1986,"120",0,0,0,0,0,0,0,0,1,0,0,0,0,0,0,0,0,0,0
1986,"113",0,0,0,0,0,0,0,0,1,0,0,0,0,0,0,0,0,0,0
1980,"109",0,0,0,0,0,1,0,0,0,0,0,0,0,0,0,0,0,0,0
1975,"91",0,0,0,0,0,1,0,0,0,0,0,0,0,0,0,0,0,0,0
1993,"29",0,0,0,1,0,1,0,0,0,0,0,0,0,0,0,0,0,0,0
1988,"155",0,0,0,0,0,1,0,0,1,0,0,0,0,0,1,0,0,0,0
1991,"99",0,0,0,0,0,1,0,0,0,0,0,0,0,0,0,1,0,0,0
1980,"124",0,1,1,0,0,0,0,0,1,0,0,0,0,0,1,1,0,1,0
1987,"98",0,1,1,0,0,1,0,0,0,0,0,0,0,0,1,0,0,0,0
1981,"115",0,1,1,0,0,0,0,0,0,0,0,0,0,0,0,0,0,0,0
1985,"132",0,0,0,0,0,0,0,0,0,0,0,0,0,0,0,1,0,0,0
1986,"137",0,1,0,0,0,0,0,0,0,0,0,0,0,0,0,1,1,1,0
1966,"161",0,1,0,0,0,0,0,0,0,0,0,0,0,0,0,0,0,0,1
1957,"96",0,0,0,0,0,0,0,0,1,0,0,0,0,0,0,0,0,0,0
1971,"136",0,0,0,0,0,0,0,0,0,0,0,0,0,0,0,1,0,0,0
1979,"147",0,0,0,0,0,0,0,0,1,0,0,0,0,0,0,0,0,1,0
1983,"131",0,1,1,0,0,0,0,0,0,0,0,0,0,0,1,1,0,1,0
1990,"145",0,0,0,0,0,0,1,0,1,0,0,0,0,0,0,0,0,0,0
1979,"117",0,1,0,0,0,0,0,0,0,0,0,1,0,0,0,1,1,0,0
1992,"81",0,1,1,0,0,1,0,0,0,0,0,1,0,0,0,1,0,0,0
1960,"109",0,0,0,0,0,0,0,0,0,0,0,1,0,0,1,0,1,0,0
1980,"133",0,1,0,0,0,1,0,0,0,0,0,0,1,0,0,0,0,0,0
1974,"202",0,1,0,0,0,0,1,0,1,0,0,0,0,0,0,0,0,0,0
1987,"116",0,1,0,0,0,0,0,0,1,0,0,0,0,0,0,0,0,1,0
1989,"23",0,0,0,1,0,1,0,0,0,0,0,0,0,0,0,0,0,0,0
1989,"137",0,0,0,0,0,0,0,0,1,0,0,0,0,0,0,0,0,1,0
1984,"160",0,0,0,0,0,0,0,0,1,0,0,0,0,1,0,0,0,0,0
1980,"129",0,0,0,0,0,0,0,0,1,0,0,0,0,0,0,0,0,0,0
1983,"193",0,0,0,0,0,0,0,0,1,0,0,0,0,0,0,0,0,0,0
1973,"129",0,0,0,0,0,1,1,0,0,0,0,0,0,0,0,0,0,0,0
1984,"107",0,1,0,0,0,0,0,0,0,0,0,0,0,0,0,1,1,0,0
1989,"128",0,0,0,0,0,0,0,0,1,0,0,0,0,0,0,0,0,0,0
1967,"106",0,0,0,0,0,0,0,0,1,0,0,0,0,0,1,0,0,0,0
1990,"117",0,0,0,0,0,0,0,0,0,0,0,0,0,0,0,0,1,0,0
1957,"161",0,0,0,0,0,0,0,0,1,0,0,0,0,0,0,0,0,1,0
1980,"146",0,0,0,0,0,0,0,0,0,0,0,1,0,0,0,0,0,0,0
1987,"84",0,1,1,0,0,1,0,0,0,0,0,1,0,0,0,0,0,0,0
1993,"101",0,0,0,0,0,1,0,0,0,0,0,0,0,0,1,0,0,0,0
1992,"130",0,0,0,0,0,0,0,0,0,0,0,0,0,0,0,0,0,0,1
1985,"116",0,0,0,0,0,1,0,0,0,0,0,0,0,0,0,1,0,0,0
1970,"172",0,0,0,0,0,0,0,0,1,0,0,0,0,0,0,0,0,1,0
1988,"124",0,0,1,1,0,0,0,0,0,0,0,0,0,0,0,1,1,0,0
1990,"137",0,1,0,0,0,0,0,0,1,0,0,0,0,0,1,0,0,0,0
1974,"106",0,0,0,0,0,1,0,0,0,0,0,1,0,0,0,0,0,0,0
1984,"82",0,0,0,0,0,1,0,0,1,0,0,0,1,0,0,0,0,0,0
1989,"127",0,1,1,0,0,0,0,0,0,0,0,0,0,0,0,0,0,0,0
1970,"116",0,0,0,0,0,1,0,0,0,0,0,0,0,0,0,0,0,1,0
1988,"171",0,0,0,0,0,0,0,0,1,0,0,0,0,0,0,0,0,0,0
1985,"117",0,0,0,0,0,0,0,0,1,0,0,0,0,0,1,0,0,0,0
1982,"95",0,0,0,0,0,0,0,0,1,0,0,0,1,0,0,0,0,1,0
1989,"107",0,0,0,0,0,0,0,0,1,0,0,0,0,0,0,0,0,0,0
1989,"95",0,0,0,0,0,1,0,0,0,0,0,0,0,0,1,0,0,0,0
1992,"128",0,0,0,0,0,0,0,0,0,0,0,1,0,0,1,0,0,0,0
1991,"128",0,0,0,0,0,0,0,0,0,0,0,0,0,0,0,0,1,0,0
1984,"91",0,0,0,0,0,0,0,0,0,0,0,1,0,0,0,0,0,0,0
1996,"126",0,0,0,0,0,1,0,0,0,0,0,0,0,0,1,0,0,0,0
1996,"159",0,0,0,0,0,0,0,0,1,0,0,0,0,0,0,0,0,0,0
1996,"111",0,1,1,0,0,0,0,0,0,0,0,0,0,0,0,1,0,0,0
1996,"135",0,0,0,0,0,0,0,0,1,0,0,0,0,0,0,0,1,0,0
1996,"102",0,0,0,0,0,0,0,0,1,0,0,0,0,0,0,0,0,0,0
1996,"103",0,0,0,0,1,1,0,0,0,0,0,0,0,0,0,0,0,0,0
1990,"124",0,1,0,0,0,0,0,0,0,0,0,0,0,0,0,0,1,0,0
1991,"110",0,1,1,0,0,0,0,0,0,0,0,0,0,0,0,1,0,0,0
1982,"113",0,1,1,0,0,0,0,0,0,0,0,0,0,0,0,1,0,0,0
1984,"105",0,1,1,0,0,0,0,0,0,0,0,0,0,0,0,1,0,0,0
1986,"119",0,1,1,0,0,0,0,0,0,0,0,0,0,0,0,1,0,0,0
1992,"126",0,1,1,0,0,1,1,0,0,0,0,0,0,0,0,0,0,0,0
1988,"107",0,1,0,0,0,1,0,0,0,0,0,0,0,0,0,0,0,0,1
1992,"103",0,1,0,0,0,0,0,0,0,0,0,0,0,0,0,0,0,0,0
1975,"124",0,1,0,0,0,0,0,0,0,0,0,1,0,0,0,0,0,0,0
1996,"106",0,1,0,0,0,1,0,0,0,0,0,0,0,0,0,1,0,1,0
1996,"106",0,0,0,0,0,1,0,0,1,0,0,0,0,0,0,0,0,0,0
1996,"139",0,0,0,0,0,0,0,0,1,0,0,0,0,0,1,0,0,0,0
1987,"94",0,0,0,0,0,1,0,0,0,0,0,0,0,0,0,0,0,0,0
1992,"126",0,0,0,0,0,0,1,0,1,0,0,0,0,0,0,1,0,0,0
1996,"81",0,0,0,1,0,1,0,0,0,0,0,0,0,0,0,0,0,0,0
1992,"112",0,1,0,0,0,0,0,0,0,0,0,0,0,0,1,0,0,1,0
1996,"105",0,0,0,0,0,1,0,0,0,0,0,0,0,0,0,0,0,0,0
1997,"105",0,0,0,0,1,1,0,0,0,0,0,0,0,0,0,0,0,0,0
1997,"121",0,1,0,0,0,0,0,0,1,0,0,0,0,0,0,0,1,0,0
1997,"111",0,1,0,0,0,0,0,0,1,0,0,0,0,0,0,0,1,1,0
1997,"113",0,0,0,0,0,0,0,0,1,0,0,0,0,0,1,0,0,0,0
1997,"99",0,1,1,0,1,0,0,0,0,0,0,0,0,0,0,0,0,0,0
1997,"107",0,0,0,0,0,1,1,0,0,0,0,0,0,0,0,0,0,0,0
1997,"94",0,0,0,0,0,1,0,0,0,0,0,0,0,0,0,0,0,0,0
1997,"126",0,1,0,0,0,0,0,0,0,0,0,0,0,0,0,1,0,0,0
1996,"136",0,0,0,0,0,1,0,0,0,0,0,0,0,0,0,0,0,0,0
1997,"129",0,1,1,0,0,0,0,0,0,0,0,0,0,0,0,1,1,0,0
1995,"126",0,0,0,0,0,0,0,0,1,0,0,0,0,0,1,0,0,0,0
1997,"125",0,1,1,0,0,0,1,0,0,0,0,0,0,0,0,0,0,0,0
1997,"105",0,0,0,0,0,1,0,0,0,0,0,0,0,0,1,0,0,0,0
1996,"91",0,0,0,0,0,1,0,0,0,0,0,0,0,0,1,0,0,0,0
1997,"98",0,1,1,0,0,1,0,0,0,0,0,0,0,0,0,1,0,0,0
1997,"150",0,0,0,0,0,0,0,0,1,0,0,0,0,0,0,1,0,0,0
1997,"92",0,0,0,0,1,1,0,0,0,0,0,0,0,0,0,0,0,0,0
1997,"96",0,1,0,0,0,0,0,0,0,0,0,0,0,1,0,1,1,0,0
1997,"98",0,0,0,0,1,1,0,0,0,0,0,0,0,0,0,0,0,0,0
1997,"97",0,0,0,0,0,0,0,0,1,0,0,0,0,0,0,0,0,0,0
1997,"97",0,1,0,0,0,0,0,0,0,0,0,0,0,0,0,0,0,0,0
1997,"105",0,0,0,0,0,0,0,0,0,0,0,0,0,0,0,1,1,0,0
1990,"135",0,1,0,0,0,0,0,0,0,0,0,0,0,0,0,0,1,0,0
1997,"95",0,1,1,0,0,0,0,0,0,0,0,0,0,0,0,0,0,0,0
1997,"91",0,0,0,0,0,1,0,0,0,0,0,0,0,0,0,0,0,0,0
1997,"106",0,0,0,0,0,0,0,0,1,0,0,0,0,0,0,1,1,0,0
1997,"129",0,1,1,0,0,0,0,0,0,0,0,0,0,0,0,1,0,1,0
1997,"126",0,0,0,0,0,0,0,0,1,0,0,0,0,0,0,0,0,0,0
1995,"170",0,1,0,0,0,0,1,0,0,0,0,0,0,0,0,0,1,0,0
1995,"127",0,0,0,0,0,1,0,0,0,0,0,0,0,0,1,0,0,0,0
1995,"136",0,0,0,0,0,0,0,0,1,0,0,0,0,0,1,0,0,0,0
1995,"111",0,0,0,0,0,0,0,0,1,0,0,0,0,0,1,0,0,0,0
1995,"117",0,0,0,0,0,0,0,0,1,0,0,0,0,0,0,0,0,0,0
1996,"87",0,0,0,0,0,0,0,0,1,0,0,0,0,0,1,0,0,0,0
1995,"115",0,0,0,0,0,0,0,0,1,0,0,0,0,0,0,0,0,0,0
1996,"124",0,0,0,0,0,0,0,0,1,0,0,0,0,0,1,0,0,0,0
1994,"111",0,1,0,0,0,0,0,0,0,0,0,0,0,0,0,0,1,0,0
1996,"149",0,0,0,0,0,0,0,0,1,0,0,0,0,0,0,0,0,0,0
1996,"120",0,0,0,0,0,0,0,0,1,0,0,0,0,0,1,0,0,0,0
1996,"135",0,0,0,0,0,1,0,0,0,0,0,0,0,0,1,0,0,0,0
1996,"136",0,0,0,0,0,0,0,0,1,0,0,0,0,0,0,0,0,0,0
1996,"162",0,0,0,0,0,0,0,0,1,0,0,0,0,0,1,0,0,1,0
1996,"98",0,0,0,0,0,0,0,0,1,0,0,0,0,0,0,0,0,0,0
1996,"111",0,0,0,0,0,0,0,0,0,0,0,1,0,0,0,0,1,0,0
1996,"135",0,0,0,0,0,0,0,0,1,0,0,0,1,0,0,0,0,0,0
1997,"93",0,0,0,0,0,1,0,0,0,0,0,0,0,0,0,0,0,0,0
1997,"121",0,0,0,0,0,0,0,0,0,0,0,0,0,1,0,0,1,0,0
1997,"140",0,0,0,0,0,0,0,0,1,0,0,0,0,0,0,0,0,0,0
1997,"127",0,0,0,0,0,0,1,0,1,0,0,0,0,0,0,0,0,0,0
1997,"86",0,0,0,0,0,1,0,0,0,0,0,0,0,0,0,0,0,0,0
1997,"93",0,1,0,0,0,0,0,0,0,0,0,0,0,0,0,0,1,0,0
1996,"90",0,0,0,0,0,0,0,0,1,0,0,0,0,0,0,0,0,0,0
1997,"113",0,0,0,0,0,0,0,0,1,0,0,0,0,0,0,0,0,0,0
1997,"138",0,1,0,0,0,0,0,0,0,0,0,0,0,0,0,1,1,0,0
1997,"130",0,0,0,0,0,0,1,0,1,0,1,0,0,0,0,0,0,0,0
1997,"124",0,1,0,0,0,0,0,0,0,0,0,0,0,0,0,0,1,0,0
1997,"90",0,0,0,0,0,1,0,0,0,0,0,0,0,0,0,0,0,0,0
1997,"138",0,0,0,0,0,0,1,0,0,0,1,0,0,1,0,0,1,0,0
1996,"107",0,0,1,0,1,0,0,0,0,0,0,0,0,0,0,0,0,0,0
1997,"112",0,0,0,0,0,0,0,0,1,0,0,0,0,0,0,0,0,0,0
1997,"101",0,0,0,0,0,0,0,0,1,0,0,0,0,0,1,0,0,0,0
1997,"144",0,0,0,0,0,0,1,0,0,0,0,1,0,1,0,0,1,0,0
1997,"99",0,0,0,0,1,0,0,0,1,1,0,0,0,0,0,0,0,0,0
1997,"106",0,0,0,0,0,0,1,0,0,0,0,0,0,0,0,0,0,0,0
1997,"135",0,0,0,0,0,0,0,0,1,0,0,0,0,0,0,0,0,0,0
1997,"102",0,0,0,0,0,0,0,0,1,0,0,0,0,0,1,0,1,0,0
1997,"155",0,0,0,0,0,1,1,0,1,0,0,0,0,1,0,0,0,0,0
1997,"194",0,1,0,0,0,0,0,0,1,0,0,0,0,0,1,0,0,0,0
1998,"93",0,1,0,0,1,0,0,0,0,0,0,0,0,0,0,0,0,0,0
1998,"111",0,0,0,0,0,0,0,0,1,0,0,0,0,0,0,0,1,0,0
1997,"139",0,0,0,0,0,1,0,0,1,0,0,0,0,0,0,0,0,0,0
1993,"133",0,0,0,0,0,0,0,0,1,0,0,0,0,0,0,0,0,0,0
1993,"195",0,0,0,0,0,0,0,0,1,0,0,0,0,0,0,0,0,1,0
1996,"101",0,0,0,0,0,1,0,0,0,0,0,0,1,0,1,0,0,0,0
1996,"150",0,0,0,0,0,0,0,1,0,0,0,0,0,0,0,0,0,0,0
1996,"104",0,0,0,0,0,1,0,0,0,0,0,0,0,0,0,0,0,0,0
1997,"107",0,0,0,0,0,0,0,0,0,0,0,0,0,1,0,0,1,0,0
1997,"108",0,1,0,0,0,0,0,0,0,0,0,0,0,0,0,0,1,0,0
1997,"134",0,0,0,0,0,0,0,0,0,0,0,0,0,1,0,0,0,0,0
1996,"100",0,0,0,0,0,0,0,0,1,0,0,0,0,0,0,0,1,0,0
1997,"125",0,1,0,0,0,0,0,0,1,0,0,0,0,0,0,0,0,1,0
1997,"105",0,0,0,0,0,0,1,0,1,0,0,0,0,1,0,0,0,0,0
1997,"135",0,1,0,0,0,0,0,0,0,0,0,0,0,1,1,0,1,0,0
1998,"100",0,0,0,0,0,0,1,0,1,0,0,0,0,0,0,0,1,0,0
1997,"119",0,0,0,0,0,0,0,0,1,0,0,0,0,0,0,0,0,0,0
1997,"117",0,0,1,0,0,0,0,0,0,0,0,0,0,0,0,0,1,0,0
1997,"115",0,0,0,0,0,0,1,0,1,0,0,0,0,0,0,0,1,0,0
1997,"129",0,0,0,0,0,0,0,0,0,0,0,0,0,1,0,0,1,0,0
1997,"125",0,1,0,0,0,0,1,0,0,0,0,0,0,1,0,0,0,0,0
1997,"93",0,0,0,0,0,1,0,0,0,0,0,0,0,0,0,0,0,0,0
1997,"94",0,0,0,0,0,0,1,0,0,0,0,0,0,0,0,0,1,0,0
1997,"85",0,0,0,0,0,1,0,0,1,0,0,0,0,0,0,0,1,0,0
1997,"89",0,0,0,0,0,1,0,0,0,0,0,0,0,0,0,0,0,0,0
1997,"114",0,1,0,0,0,0,0,0,1,0,0,0,0,0,0,0,0,0,0
1997,"155",0,0,0,0,0,0,0,0,1,0,0,0,0,0,0,0,0,0,0
1997,"107",0,0,0,0,0,1,0,0,0,0,0,0,0,0,0,0,0,0,0
1997,"94",0,0,0,0,0,1,0,0,0,0,0,0,0,1,0,0,0,0,0
1997,"109",0,1,0,0,0,0,0,0,0,0,0,1,0,0,0,1,0,0,0
1997,"134",0,0,0,0,0,0,0,0,1,0,0,0,0,0,0,0,0,0,0
1997,"96",0,0,0,0,0,1,0,0,1,0,0,0,0,0,0,0,0,0,0
1997,"154",0,0,0,0,0,0,1,0,1,0,0,0,0,0,0,0,0,0,0
1997,"97",0,0,0,0,0,1,0,0,1,0,0,0,0,0,0,0,0,0,0
1998,"97",0,1,0,0,0,0,0,0,0,0,0,0,0,0,0,0,1,0,0
1998,"124",0,1,0,0,0,0,0,0,0,0,0,0,0,1,0,0,1,0,0
1998,"87",0,0,0,0,0,0,0,0,0,0,0,1,0,0,0,0,0,0,0
1997,"93",0,0,0,0,0,1,0,0,0,0,0,0,1,0,0,0,0,0,0
1998,"106",0,1,0,0,0,0,0,0,0,0,0,1,0,0,0,1,0,0,0
1998,"97",0,0,0,0,0,1,0,0,0,0,0,0,0,0,1,0,0,0,0
1998,"134",0,0,1,0,0,0,0,0,0,0,0,0,0,0,0,1,1,0,0
1994,"119",0,0,0,0,0,0,0,0,1,0,0,0,0,1,0,0,1,0,0
1975,"133",0,0,0,0,0,0,0,0,1,0,0,0,0,0,0,0,0,0,0
1997,"96",0,1,1,0,0,0,0,0,0,0,0,0,0,0,0,1,1,0,0
1997,"119",0,0,0,0,0,0,0,0,0,0,0,0,0,0,0,0,1,0,0
1997,"80",0,0,0,0,0,0,0,1,0,0,0,0,0,0,0,0,0,0,0
1997,"108",0,0,0,0,0,0,1,0,0,0,0,0,0,0,0,0,1,0,0
1998,"123",0,1,0,0,0,1,0,0,0,0,0,0,1,0,0,0,0,0,0
1995,"111",0,1,0,0,0,0,0,0,0,0,0,0,0,0,0,0,0,0,0
1995,"90",0,0,0,0,0,1,0,0,0,0,0,0,0,0,0,0,0,0,0
1995,"111",0,0,0,0,0,0,0,0,1,0,0,0,0,0,0,0,0,0,0
1995,"99",0,0,0,0,0,0,0,0,1,0,0,0,0,0,0,0,0,0,0
1995,"97",0,0,0,0,0,1,0,0,0,0,0,0,0,0,0,0,0,0,0
1996,"88",0,0,0,0,0,1,0,0,0,0,0,0,0,0,0,0,0,0,0
1996,"87",0,0,0,0,0,1,0,0,0,0,0,0,0,0,0,0,0,0,0
1996,"108",0,0,0,0,0,0,0,0,1,0,0,0,0,0,0,0,1,0,0
1995,"135",0,0,0,0,0,0,0,0,1,0,0,0,0,0,1,0,0,0,0
1995,"92",0,0,0,0,0,1,0,0,0,0,0,0,0,0,0,0,0,0,0
1995,"96",0,1,1,0,0,0,0,0,0,0,0,0,0,0,0,1,0,0,0
1995,"95",0,1,0,0,1,0,0,0,0,0,0,0,0,0,0,0,0,0,0
1995,"128",0,0,0,0,0,0,0,0,1,0,0,0,0,0,0,0,0,0,0
1995,"113",0,0,0,0,0,1,0,0,0,0,0,0,0,0,0,0,0,0,0
1995,"97",0,0,0,0,1,1,0,0,0,0,0,0,0,0,0,0,0,0,0
1994,"114",0,0,0,0,0,0,0,0,1,0,0,0,0,0,0,0,0,0,0
1995,"92",0,0,0,0,0,0,0,0,0,0,0,1,0,0,0,0,0,0,0
1994,"118",0,1,1,0,0,0,0,0,0,0,0,0,0,0,0,1,0,0,0
1994,"106",0,0,0,0,0,1,0,0,0,0,0,0,0,0,1,0,0,0,0
1994,"104",0,0,0,0,0,1,0,0,1,0,0,0,0,0,0,0,0,0,0
1994,"91",0,0,0,0,1,1,0,0,0,0,0,0,0,0,0,0,0,0,0
1994,"83",0,0,0,0,0,1,0,0,0,0,0,0,0,0,0,0,0,0,0
1994,"141",0,1,1,0,0,1,0,0,0,0,0,0,0,0,1,0,0,0,0
1993,"94",0,0,0,0,0,1,0,0,0,0,0,0,0,0,0,0,0,0,0
1993,"139",0,0,0,0,0,0,0,0,1,0,0,0,0,0,0,0,0,0,0
1994,"104",0,1,0,0,0,1,0,0,0,0,0,0,0,0,0,0,0,0,0
1994,"88",0,0,1,0,1,0,0,0,0,0,0,0,0,0,0,0,0,0,0
1993,"88",0,0,0,0,0,1,0,0,0,0,0,0,0,0,0,0,0,0,0
1993,"130",0,1,0,0,0,1,0,0,0,0,0,0,0,0,0,0,0,0,0
1993,"115",0,0,0,0,0,0,0,0,1,0,0,0,0,0,0,0,0,0,0
1993,"125",0,0,0,0,0,1,0,0,0,0,0,0,0,0,0,0,0,0,0
1994,"108",0,0,0,0,0,1,0,0,0,0,0,0,0,1,1,0,0,0,0
1993,"104",0,0,0,0,0,1,0,0,0,0,0,0,0,0,0,0,0,0,0
1994,"95",0,0,0,0,0,1,1,0,0,0,0,1,0,0,0,0,0,0,0
1993,"102",0,1,0,0,0,0,0,0,0,0,0,0,0,0,0,0,0,0,0
1993,"104",0,1,1,0,1,0,0,0,0,0,0,0,0,0,0,1,0,0,0
1993,"105",0,1,1,0,0,1,0,0,0,0,0,0,0,0,0,0,0,0,0
1994,"82",0,0,0,0,1,1,0,0,0,0,0,0,0,0,0,0,0,0,0
1995,"90",0,0,0,0,0,1,0,0,0,0,0,0,0,0,0,0,0,0,0
1990,"127",0,0,0,0,0,1,0,0,0,0,0,0,0,0,1,0,1,0,0
1989,"126",0,1,1,0,0,0,1,0,1,0,0,0,0,0,0,0,0,0,0
1940,"88",0,0,0,1,1,0,0,0,0,0,0,0,0,0,0,0,0,0,0
1996,"110",0,1,1,0,0,0,0,0,0,0,0,0,0,1,0,0,0,0,0
1996,"93",0,0,0,0,0,0,0,0,0,0,0,1,0,0,0,0,1,0,0
1996,"81",0,0,0,0,0,1,0,0,0,0,0,0,0,0,0,0,0,0,0
1995,"30",0,0,0,1,0,1,0,0,0,0,0,0,0,0,0,0,1,0,0
1996,"113",0,0,0,0,0,1,0,0,1,0,0,0,0,0,0,0,0,0,0
1996,"114",0,0,0,0,0,1,0,0,0,0,0,0,0,0,0,0,0,0,0
1996,"95",0,0,0,0,0,1,0,0,0,1,0,0,0,0,1,1,0,0,0
1996,"90",0,0,0,0,0,1,0,0,0,0,0,0,0,0,0,0,0,0,0
1996,"87",0,0,0,0,0,0,0,0,0,0,0,1,0,0,0,0,0,0,0
1982,"92",0,0,0,0,0,1,0,0,0,0,0,0,0,0,0,0,0,0,0
1975,"100",0,0,0,0,1,1,0,0,0,0,0,0,0,0,0,0,0,0,1
1957,"83",0,0,0,0,1,0,0,0,1,0,0,0,0,0,0,0,0,0,0
1961,"129",0,0,0,0,1,0,0,0,1,0,0,0,0,0,0,0,0,0,0
1950,"74",0,0,0,1,1,0,0,0,0,0,0,0,1,0,0,0,0,0,0
1964,"139",0,0,0,0,1,1,0,0,0,0,0,0,1,0,0,0,0,0,0
1951,"75",0,0,0,1,1,0,0,0,0,0,0,0,1,0,0,0,0,0,0
1996,"120",0,0,0,0,0,0,0,0,1,0,0,0,0,0,1,0,0,0,0
1996,"81",0,0,0,1,1,1,0,0,0,0,0,0,0,0,0,0,0,0,0
1982,"115",0,0,0,0,1,0,0,0,1,1,0,0,0,0,0,1,0,0,0
1996,"85",0,0,0,0,0,0,0,0,0,0,0,1,0,0,0,0,0,0,0
1992,"102",0,0,0,0,0,1,0,0,0,0,0,0,0,0,0,0,0,0,0
1986,"84",0,1,0,1,1,0,0,0,0,0,0,0,0,0,0,1,1,1,0
1962,"129",0,0,0,0,0,0,0,0,1,0,0,0,0,0,0,0,0,0,0
1971,"91",0,0,0,0,0,1,0,0,0,0,0,0,0,0,0,0,0,0,0
1951,"92",0,0,0,0,0,0,0,0,1,0,0,0,0,0,0,1,0,0,0
1933,"69",0,0,0,0,0,1,0,0,0,0,0,0,0,0,0,0,0,1,0
1986,"116",0,1,1,0,0,0,0,0,0,0,0,0,0,0,0,0,0,0,0
1940,"124",0,0,0,1,1,0,0,0,0,0,0,0,1,0,0,0,0,0,0
1988,"103",0,0,0,0,0,1,0,0,0,0,0,0,0,0,0,0,0,0,0
1956,"98",0,0,0,0,0,0,0,0,0,0,0,0,0,0,0,1,0,0,0
1969,"110",0,1,0,0,0,1,0,0,0,0,0,0,0,0,0,0,0,0,1
1981,"97",0,0,0,0,0,0,0,0,0,0,0,1,0,0,0,0,0,0,0
1992,"95",0,0,0,0,0,0,0,0,0,0,0,1,0,0,0,0,0,0,0
1983,"105",0,0,0,0,0,0,0,0,0,0,0,1,0,0,0,0,0,0,0
1993,"91",0,0,0,0,0,0,0,0,0,0,0,1,0,0,0,0,0,0,0
1982,"104",0,0,0,0,0,0,0,0,0,0,0,1,0,0,0,0,0,0,0
1979,"117",0,0,0,0,0,0,0,0,0,0,0,1,0,0,0,0,0,0,0
2023,"90",0,0,0,0,0,0,0,0,0,0,0,1,0,0,0,0,0,0,0
1963,"119",0,0,0,0,0,0,0,0,0,0,0,1,0,0,0,0,0,0,0
1958,"86",0,0,0,0,0,0,0,0,0,0,0,1,0,0,0,1,0,0,0
1945,"78",0,0,0,0,0,0,0,0,0,0,0,1,0,0,0,0,0,0,0
1976,"116",0,0,0,0,0,0,0,0,0,0,0,1,0,0,0,0,0,0,0
1976,"98",0,0,0,0,0,0,0,0,0,0,0,1,0,0,0,0,0,0,0
1976,"111",0,0,0,0,0,0,0,0,0,0,0,1,0,0,0,0,0,0,0
1979,"143",0,1,1,0,0,0,0,0,0,0,0,0,0,0,0,1,0,0,0
1989,"107",0,1,1,0,0,0,0,0,0,0,0,0,0,0,0,1,0,0,0
1978,"110",0,0,0,0,0,1,0,0,0,0,0,0,1,0,1,0,0,0,0
1978,"116",0,1,0,0,0,0,0,0,0,0,0,1,0,0,0,0,0,0,0
1983,"99",0,1,0,0,0,0,0,0,0,0,0,1,0,0,0,0,0,0,0
1996,"98",0,0,0,0,0,0,0,0,1,0,0,0,0,0,0,0,0,0,0
1996,"107",0,1,0,0,0,0,0,0,0,0,0,0,0,0,0,0,0,0,0
1997,"88",0,1,0,0,0,1,0,0,0,0,0,0,0,0,0,0,0,0,0
1997,"86",0,0,1,0,1,0,0,0,1,0,0,0,0,0,0,0,0,0,0
1995,"192",0,0,0,0,0,0,0,0,1,0,0,0,0,0,0,0,0,0,0
1995,"106",0,0,0,0,0,0,0,0,1,0,0,0,0,0,0,0,0,0,0
1995,"111",0,0,0,0,0,0,0,0,1,0,0,0,0,0,0,0,0,0,0
1995,"112",0,0,0,0,0,0,0,0,1,0,0,0,0,0,0,0,0,0,0
1992,"105",0,0,0,0,0,0,0,0,1,0,0,0,0,0,1,0,0,0,0
1994,"103",0,0,1,0,0,0,0,0,0,0,0,0,0,0,0,0,0,0,0
1994,"119",0,0,0,0,0,0,0,0,1,0,0,0,0,0,0,0,0,0,0
1994,"111",0,0,1,0,1,0,0,0,0,0,0,0,0,0,1,0,0,0,0
1993,"98",0,0,0,0,0,0,0,0,0,0,0,0,0,0,0,0,1,0,0
1993,"121",0,0,0,0,0,0,0,0,1,0,0,0,0,0,0,0,0,0,0
1993,"114",0,0,0,0,0,0,0,0,1,0,0,0,0,0,0,0,0,0,0
1993,"188",0,0,0,0,0,0,0,0,1,0,0,0,0,0,0,0,0,0,0
1993,"130",0,0,0,0,0,0,0,0,0,0,0,0,0,0,0,0,0,0,1
1996,"116",0,0,0,0,0,0,0,0,1,0,0,0,0,0,0,0,0,1,0
1996,"103",0,1,1,0,0,0,0,0,0,1,0,0,0,0,0,0,0,0,0
1996,"79",0,0,0,1,1,0,0,0,0,0,0,0,1,0,0,0,0,0,0
1964,"95",0,0,0,0,0,0,0,0,0,0,0,0,0,0,0,1,0,1,0
1996,"93",0,0,0,0,0,0,0,0,1,0,0,0,0,0,0,0,0,0,0
1996,"103",0,0,0,0,0,1,0,0,0,0,0,0,0,0,0,0,0,0,0
1996,"98",0,0,0,0,1,1,0,0,0,0,0,0,0,0,0,0,0,0,0
1940,"112",0,0,0,0,0,1,0,0,0,0,0,0,0,0,1,0,0,0,0
1958,"128",0,0,0,0,0,0,0,0,0,0,0,0,0,1,0,0,1,0,0
1959,"136",0,0,0,0,0,1,0,0,0,0,0,0,0,0,0,0,1,0,0
1960,"125",0,0,0,0,0,1,0,0,1,0,0,0,0,0,0,0,0,0,0
1959,"121",0,0,0,0,0,1,1,0,0,0,0,0,0,0,0,0,0,0,0
1942,"102",0,0,0,0,0,0,0,0,1,0,0,0,0,0,1,0,0,1,0
1941,"100",0,0,0,0,0,0,0,0,0,0,1,0,0,1,0,0,0,0,0
1964,"170",0,0,0,0,0,0,0,0,0,0,0,0,1,0,1,0,0,0,0
1954,"113",0,0,0,0,0,1,0,0,0,0,0,0,0,0,1,0,0,0,0
1953,"118",0,0,0,0,0,1,0,0,0,0,0,0,0,0,1,0,0,0,0
1950,"110",0,0,0,0,0,0,0,0,0,0,1,0,0,0,0,0,0,0,0
1946,"102",0,0,0,0,0,0,0,0,0,0,1,0,0,0,1,0,1,0,0
1955,"106",0,0,0,0,0,1,0,0,0,0,0,0,0,0,1,0,1,0,0
1938,"102",0,1,1,0,0,0,0,0,0,0,0,0,0,0,0,0,0,0,0
1955,"118",0,0,0,0,0,0,0,0,1,0,0,0,0,0,0,0,0,0,0
1934,"91",0,0,0,0,0,0,0,0,0,0,0,0,0,1,0,0,0,0,0
1940,"92",0,0,0,0,0,1,0,0,0,0,0,0,0,0,0,0,0,0,0
1956,"167",0,0,1,0,0,1,0,0,0,0,0,0,0,0,0,0,0,0,0
1946,"130",0,0,0,0,0,0,0,0,1,0,0,0,0,0,0,0,0,0,0
1938,"102",0,0,0,0,0,1,0,0,0,0,0,0,0,0,0,0,0,0,0
1951,"105",0,1,1,0,0,0,0,0,0,0,0,0,0,0,1,0,0,1,0
1958,"108",0,0,0,0,0,0,0,0,1,0,0,0,0,0,0,0,0,0,0
1941,"64",0,0,0,1,1,0,0,0,0,0,0,0,1,0,0,0,0,0,0
1971,"82",0,0,0,0,0,1,0,0,0,0,0,0,0,0,0,0,0,1,0
1972,"110",0,0,0,0,0,0,0,0,1,0,0,0,0,0,0,0,0,0,0
1967,"111",0,0,0,0,0,0,1,0,1,0,0,0,0,0,0,0,0,0,0
1954,"105",0,0,0,0,0,0,0,0,0,0,0,0,0,1,0,0,1,0,0
1955,"111",0,0,0,0,0,0,0,0,1,0,0,0,0,0,0,0,0,0,0
1951,"122",0,0,0,0,0,0,0,0,1,0,0,0,0,0,0,0,0,0,0
1996,"130",0,0,0,0,0,0,0,0,1,0,0,0,0,0,0,0,0,0,0
1989,"103",0,0,0,0,0,0,0,0,1,0,0,0,0,0,0,0,0,0,0
1960,"128",0,1,0,0,0,0,0,0,1,0,0,0,0,0,0,0,0,0,1
1962,"218",0,0,1,0,0,0,0,0,0,0,0,0,0,0,0,0,0,1,0
1987,"128",0,0,0,0,0,1,0,0,1,0,0,0,0,0,1,0,0,0,0
1949,"104",0,0,0,0,0,0,0,0,0,0,0,0,0,1,0,0,1,0,0
1977,"93",0,0,0,0,0,1,0,0,0,0,0,0,0,0,1,0,0,0,0
1981,"149",0,1,0,0,0,0,0,0,1,0,0,0,0,0,0,0,0,1,0
1983,"111",0,0,0,0,0,1,0,0,0,0,0,0,0,0,0,0,0,0,0
1979,"96",0,0,0,0,0,1,0,0,1,0,0,0,0,0,1,0,0,0,0
1990,"115",0,0,0,0,0,0,0,0,1,0,0,0,0,0,0,0,0,0,0
1948,"126",0,0,1,0,0,0,0,0,0,0,0,0,0,0,0,0,0,0,0
1963,"172",0,0,1,0,0,0,0,0,0,0,0,0,0,0,0,0,0,1,0
1978,"183",0,0,0,0,0,0,0,0,1,0,0,0,0,0,0,0,0,1,0
1986,"107",0,0,0,0,0,1,0,0,1,0,0,0,0,0,0,0,0,0,0
1967,"127",0,0,0,0,0,1,0,0,1,0,0,0,0,0,0,0,0,0,0
1940,"125",0,0,0,0,0,1,0,0,0,0,0,0,0,0,0,0,0,0,0
1946,"114",0,0,0,0,0,0,0,0,0,0,1,0,0,1,0,0,0,0,0
1959,"212",0,1,1,0,0,0,0,0,1,0,0,0,0,0,0,0,0,0,0
1982,"191",0,0,0,0,0,0,0,0,1,0,0,0,0,0,0,0,0,0,0
1984,"141",0,0,0,0,0,0,0,0,1,0,0,0,0,0,0,0,0,1,0
1985,"101",0,0,0,0,0,0,0,0,1,0,0,0,0,0,0,0,0,0,0
1975,"129",0,0,1,0,0,0,0,0,0,0,0,0,0,0,0,0,0,0,0
1996,"105",0,0,0,0,0,0,0,0,1,0,0,0,0,0,1,0,0,0,0
1996,"117",0,0,0,0,0,0,0,0,0,0,0,0,0,0,1,0,0,0,0
1996,"87",0,0,0,0,0,0,0,0,0,0,0,0,0,1,0,0,0,0,0
1997,"101",0,0,0,0,0,0,0,0,1,0,0,0,0,0,0,0,0,0,0
1997,"100",0,0,0,0,0,1,0,0,0,0,0,0,0,0,1,0,0,0,0
1996,"97",0,0,0,0,0,0,0,0,1,0,0,0,0,0,0,0,0,0,0
1991,"104",0,0,0,0,0,0,0,0,1,0,0,0,0,0,0,0,0,0,0
1997,"94",0,0,0,1,1,0,0,0,0,0,0,0,1,0,0,0,0,0,0
1997,"98",0,0,0,0,1,1,0,0,0,0,0,0,0,0,0,0,0,0,0
1995,"110",0,1,0,0,0,0,0,0,0,0,0,0,0,0,0,0,0,0,0
1995,"101",0,1,1,0,0,0,0,0,0,0,0,0,0,0,0,0,0,0,0
1995,"81",0,0,0,1,1,0,0,0,0,0,0,0,1,0,1,0,0,0,0
1995,"175",0,0,0,0,0,0,0,0,1,0,0,0,1,0,0,0,0,0,0
1995,"115",0,0,0,0,0,0,1,0,1,0,0,0,0,0,1,0,0,0,0
1995,"100",0,0,0,0,0,1,0,0,0,0,0,0,0,0,1,0,0,0,0
1996,"108",0,1,0,0,0,0,0,0,0,0,0,0,0,0,0,0,1,0,0
1995,"99",0,0,0,0,0,0,1,0,0,0,0,0,0,0,0,0,0,0,0
1994,"95",0,0,0,0,1,0,0,0,0,1,0,0,0,0,0,0,0,0,0
1995,"139",0,0,0,0,0,0,0,0,1,0,0,0,0,0,1,0,0,1,0
1995,"128",0,1,0,0,0,0,0,0,0,0,0,0,0,0,0,0,1,0,0
1995,"109",0,0,0,0,0,0,0,0,0,0,0,1,0,0,0,0,0,0,0
1995,"108",0,0,0,0,0,0,0,0,0,0,0,0,0,0,0,1,0,0,0
1995,"102",0,0,0,0,0,0,0,0,1,0,0,0,0,0,1,0,0,0,0
1995,"135",0,1,1,0,0,0,0,0,0,0,0,0,0,0,0,0,0,0,0
1995,"89",0,0,0,0,0,0,0,0,1,0,0,0,0,0,0,0,0,0,0
1995,"98",0,0,0,0,0,0,0,0,0,0,0,0,0,0,0,0,0,0,1
1994,"111",0,0,0,0,0,0,0,0,1,0,0,0,1,0,0,0,0,0,0
1994,"99",0,0,0,0,0,0,0,0,1,1,0,0,0,0,0,0,1,0,0
1994,"123",0,0,0,0,0,0,0,0,1,0,0,1,0,0,0,0,0,0,0
1995,"89",0,0,1,0,1,1,0,0,0,1,0,0,0,0,1,1,0,0,0
1994,"123",0,0,0,0,0,0,0,0,1,0,0,1,0,0,0,0,0,0,0
1995,"108",0,1,1,0,0,0,0,0,0,0,0,0,0,0,0,0,0,0,1
1995,"180",0,0,0,0,0,0,0,0,0,0,0,1,0,0,0,0,0,0,0
1995,"98",0,0,0,0,0,1,0,0,0,0,0,1,0,0,0,0,0,0,0
1995,"98",0,0,0,0,0,0,0,0,0,0,0,1,0,0,0,0,1,0,0
1994,"141",0,1,1,0,0,0,0,0,0,0,0,0,0,0,0,0,1,0,0
1994,"112",0,0,0,0,0,0,0,0,0,0,0,1,0,0,0,0,0,0,0
1994,"116",0,1,0,0,0,0,0,0,0,0,0,0,0,0,1,0,1,0,0
1994,"125",0,0,0,0,0,0,0,0,1,0,0,1,0,0,0,0,0,0,0
1994,"191",0,0,0,0,0,0,0,0,0,0,0,0,0,0,0,0,0,0,1
1993,"108",0,0,0,0,0,1,0,0,0,0,0,0,0,0,0,0,1,0,0
1994,"121",0,1,0,0,0,0,0,0,0,0,0,0,0,0,0,0,1,0,0
1993,"87",0,0,0,0,0,0,0,0,0,0,0,1,0,0,0,1,1,0,0
1993,"107",0,0,0,0,0,0,0,0,0,0,0,0,0,1,1,0,1,0,0
1994,"116",0,0,0,0,0,1,0,0,0,0,0,0,0,0,0,0,0,0,1
1993,"113",0,1,1,0,0,0,1,0,0,0,0,0,0,0,0,0,0,0,0
1993,"88",0,0,0,0,0,1,0,0,0,0,0,0,0,0,0,1,0,0,0
1993,"115",0,1,0,0,0,0,0,0,0,0,0,0,0,0,0,1,0,0,0
1993,"91",0,0,0,0,0,1,0,0,0,0,0,0,0,0,0,0,0,0,0
1995,"99",0,0,0,0,0,1,0,0,0,0,0,0,0,0,1,0,0,0,0
1993,"117",0,0,0,0,0,0,0,0,1,0,0,0,0,0,0,0,1,0,0
1993,"121",0,0,0,0,0,0,0,0,1,0,0,0,0,0,1,0,0,0,0
1993,"110",0,0,0,0,0,0,1,0,0,0,0,0,0,0,0,0,1,0,0
1993,"101",0,0,0,0,1,0,0,0,1,0,0,0,0,0,0,0,0,0,0
1993,"95",0,0,0,0,0,1,0,0,0,0,0,0,0,0,0,0,0,0,0
1994,"102",0,1,0,0,0,0,0,0,0,0,0,0,0,0,0,0,0,0,0
1993,"112",0,0,0,0,0,0,0,0,1,0,0,0,0,1,0,0,0,0,0
1991,"84",0,0,0,1,1,0,0,0,0,0,0,0,1,0,0,0,0,0,0
1969,"145",0,0,0,0,0,0,0,0,0,0,0,0,0,0,0,0,0,0,1
1996,"85",0,1,0,0,0,0,0,0,0,0,0,1,0,0,0,1,0,0,0
1996,"129",0,0,0,0,0,0,0,0,1,0,0,0,0,0,0,0,1,0,0
1995,"94",0,0,0,0,0,0,0,0,0,0,0,0,0,1,0,0,1,0,0
1993,"134",0,0,0,0,0,0,0,0,0,0,0,0,0,0,0,0,0,1,0
1995,"105",0,0,0,0,0,0,0,0,1,0,0,0,0,0,1,0,0,0,0
1996,"116",0,0,0,0,0,0,0,0,0,0,0,0,0,0,0,0,1,0,0
1996,"91",0,0,0,1,1,0,0,0,0,0,0,0,1,0,0,0,0,0,0
1996,"115",0,1,0,0,0,0,0,0,0,0,0,0,0,0,0,0,1,0,0
1996,"98",0,0,0,0,0,1,0,0,1,0,0,0,0,0,0,0,0,0,0
1993,"104",0,1,0,0,0,0,0,0,0,0,0,0,0,0,0,0,0,0,0
1997,"105",0,0,0,0,1,0,0,0,0,0,0,0,0,0,0,0,0,0,0
1943,"170",0,0,1,0,0,0,0,0,0,0,0,0,0,0,0,0,0,1,0
1951,"114",0,0,0,0,0,0,0,0,0,0,0,0,1,0,1,0,0,0,0
1954,"112",0,0,0,0,0,0,0,0,0,0,0,0,0,1,0,0,1,0,0
1934,"105",0,0,0,0,0,1,0,0,0,0,0,0,0,0,0,0,0,0,0
1944,"113",0,0,0,0,0,0,0,0,0,0,0,0,1,0,0,0,0,0,0
1950,"138",0,0,0,0,0,0,0,0,1,0,0,0,0,0,0,0,0,0,0
1940,"130",0,0,0,0,0,0,0,0,0,0,0,0,0,0,1,0,1,0,0
1945,"111",0,0,0,0,0,0,0,0,0,0,0,0,0,1,1,0,1,0,0
1950,"92",0,0,0,0,0,1,0,0,0,0,0,0,0,0,0,0,0,0,0
1958,"115",0,0,0,0,0,0,0,0,0,0,0,0,1,0,0,0,0,0,0
1944,"88",0,0,0,0,0,0,1,0,0,0,1,0,0,1,0,0,0,0,0
1937,"132",0,0,0,0,0,0,0,0,1,0,0,0,0,0,0,0,0,0,0
1936,"94",0,0,0,0,0,1,0,0,0,0,0,0,0,0,0,0,0,0,0
1956,"201",0,0,0,0,0,0,0,0,1,0,0,0,0,0,0,0,0,0,0
1935,"86",0,0,0,0,0,0,0,0,0,0,0,0,0,0,0,0,1,0,0
1968,"96",0,0,0,0,0,0,0,0,0,0,0,1,0,0,0,1,0,0,0
1930,"104",0,0,0,0,0,0,0,0,1,0,0,0,0,0,0,0,0,0,0
1955,"115",0,0,0,0,0,0,0,0,1,0,0,0,0,0,0,0,0,0,0
1996,"118",0,0,0,0,0,0,0,0,1,0,0,0,0,0,0,0,1,0,0
1996,"113",0,0,0,0,0,0,0,0,1,0,0,0,0,0,0,0,0,0,0
1955,"93",0,0,0,0,0,0,0,0,0,0,0,0,0,0,0,0,0,0,1
1960,"126",0,0,1,0,1,0,0,0,0,0,0,0,0,0,0,0,0,0,0
1994,"102",0,0,0,0,1,1,0,0,0,0,0,0,0,0,0,0,0,0,0
1944,"71",0,0,0,1,1,0,0,0,0,0,0,0,1,0,0,0,0,0,0
1963,"79",0,0,0,1,1,0,0,0,0,0,0,0,0,0,0,0,0,0,0
1948,"79",0,0,0,0,1,0,0,0,1,0,0,0,0,0,0,0,0,0,0
1991,"143",0,0,0,0,0,0,0,0,1,0,0,0,0,0,0,0,0,0,0
1996,"147",0,0,0,0,0,0,1,0,1,0,0,0,0,0,0,0,0,0,0
1982,"134",0,0,0,0,0,1,0,0,0,0,0,0,1,0,0,0,0,0,0
1965,"160",0,0,0,0,0,1,0,0,0,0,0,0,1,0,0,0,0,0,0
1992,"112",0,1,0,0,0,0,0,0,1,0,0,0,0,0,1,0,0,1,0
1982,"150",0,0,0,0,0,0,0,0,1,0,0,0,0,0,0,0,0,0,0
1938,"69",0,0,0,0,0,0,0,0,1,0,0,0,0,0,0,0,0,0,0
1996,"80",0,0,0,0,0,0,0,1,0,0,0,0,0,0,0,0,0,0,0
1980,"89",0,0,0,0,0,0,0,0,0,0,0,1,0,0,0,0,0,0,0
1981,"99",0,1,1,0,0,0,0,0,0,0,0,0,0,0,0,1,1,0,0
1981,"91",0,0,0,0,0,1,0,0,0,0,0,1,0,0,0,0,0,0,0
1982,"112",0,0,0,0,0,0,0,0,1,0,0,0,0,0,0,0,0,0,0
1979,"142",0,0,0,0,0,0,0,0,1,0,0,0,0,0,0,0,0,0,0
1989,"124",0,0,0,0,0,0,0,0,1,0,0,0,0,0,0,0,0,0,0
1957,"88",0,0,0,0,0,0,0,0,1,0,0,0,0,0,0,0,0,1,0
1990,"110",0,0,0,0,0,0,1,0,1,0,1,0,0,0,0,0,0,0,0
1993,"119",0,0,0,0,0,0,0,0,1,0,0,0,0,0,1,0,0,0,0
1988,"101",0,0,0,0,0,0,0,1,0,0,0,0,0,0,0,0,0,0,0
1990,"78",0,0,0,0,0,0,0,1,0,0,0,0,0,0,0,0,0,0,0
1968,"166",0,0,0,0,0,0,0,0,0,0,0,0,0,0,0,0,0,0,1
1985,"160",0,0,0,0,0,0,0,0,1,0,0,0,0,0,0,0,0,1,0
1952,"129",0,0,0,0,0,1,0,0,0,0,0,0,0,0,1,0,0,0,0
1984,"229",0,0,0,0,0,0,1,0,1,0,0,0,0,0,0,0,1,0,0
1957,"96",0,0,0,0,0,0,0,0,1,0,0,0,0,0,0,0,0,0,0
1989,"122",0,1,0,0,0,0,0,0,1,0,0,0,0,0,0,0,0,1,0
1990,"117",0,0,0,0,0,1,0,0,1,0,0,0,0,0,0,0,0,0,0
1958,"95",0,0,0,0,0,0,1,0,0,0,1,0,0,0,0,0,1,0,0
1974,"130",0,0,0,0,0,0,0,0,0,0,1,0,0,1,0,0,1,0,0
1986,"89",0,0,1,0,0,1,0,0,1,0,0,0,0,0,0,0,0,0,0
1931,"117",0,0,0,0,0,0,1,0,0,0,1,0,0,0,0,0,1,0,0
1962,"126",0,0,0,0,0,0,0,0,0,0,1,0,0,0,0,0,1,0,0
1990,"102",0,0,0,0,0,0,0,0,1,0,0,0,0,0,0,0,0,0,0
1944,"118",0,0,0,0,0,1,0,0,0,0,0,0,0,1,0,0,1,0,0
1991,"130",0,0,0,0,0,0,0,0,1,0,0,0,0,0,0,0,0,0,0
1952,"85",0,0,0,0,0,0,0,0,0,0,0,0,0,0,0,0,0,0,1
1980,"103",0,0,0,0,0,0,0,0,1,0,0,0,0,0,1,0,0,0,0
1979,"130",0,0,0,0,0,1,0,0,0,0,0,0,0,0,0,0,0,0,0
1984,"145",0,0,0,0,0,0,0,0,1,0,0,0,0,0,0,0,0,0,0
1992,"114",0,1,0,0,0,0,0,0,0,0,0,1,0,0,0,1,1,0,0
1974,"103",0,0,0,0,0,0,0,0,0,0,0,1,0,0,0,0,0,0,0
1977,"113",0,0,0,0,0,0,0,0,0,0,0,1,0,0,0,0,0,0,0
1980,"92",0,1,0,0,0,0,0,0,0,0,0,1,0,0,0,0,0,0,0
1991,"88",0,0,0,0,0,0,0,0,0,0,0,1,0,0,0,0,0,0,0
1935,"75",0,0,0,0,0,0,0,0,0,0,0,1,0,0,0,0,0,0,0
1992,"99",0,0,0,0,0,0,0,0,0,0,0,1,0,0,0,0,0,0,0
1962,"106",0,0,0,0,0,0,0,0,0,0,1,0,0,0,0,0,1,0,0
1982,"118",0,0,0,0,0,0,0,0,0,0,0,1,0,0,0,0,0,0,0
1922,"94",0,0,0,0,0,0,0,0,0,0,0,1,0,0,0,0,0,0,0
1996,"124",0,0,0,0,0,0,0,0,1,0,0,0,0,0,0,0,0,0,0
1996,"72",0,0,0,0,0,0,0,1,0,0,0,0,0,0,0,0,0,0,0
1997,"104",0,0,0,0,0,0,0,0,1,0,0,0,0,0,0,0,1,0,0
1982,"129",0,1,1,0,0,0,0,0,0,0,0,0,0,0,0,0,0,0,0
1997,"90",0,0,0,0,0,0,0,0,0,0,0,1,0,0,0,0,0,0,0
1997,"101",0,0,0,0,0,0,0,0,0,0,0,1,0,1,0,0,1,0,0
1997,"95",0,0,0,0,0,1,0,0,0,0,0,0,0,0,0,0,0,0,0
1993,"128",0,1,0,0,0,0,0,0,0,0,0,0,0,0,0,0,1,0,0
1996,"133",0,1,0,0,0,0,0,0,0,0,0,0,0,0,0,0,1,0,0
1993,"138",0,1,0,0,0,0,0,0,1,0,0,0,0,0,0,0,0,0,0
1997,"108",0,0,0,0,0,1,0,0,0,0,0,0,0,0,0,0,0,1,0
1997,"84",0,0,0,0,0,1,0,0,0,0,0,0,0,0,0,0,0,0,0
1997,"124",0,1,0,0,0,0,0,0,0,0,0,0,0,0,0,0,1,0,0
1997,"136",0,0,0,0,0,0,0,0,1,0,0,0,0,0,0,0,0,1,0
1998,"100",0,0,0,0,0,0,0,0,0,0,1,0,0,0,0,1,1,0,0
1995,"114",0,0,0,0,0,1,0,0,1,0,0,0,0,0,1,0,0,0,0
1995,"178",0,0,0,0,0,0,0,0,1,0,0,0,0,0,0,0,0,0,0
1995,"103",0,0,0,0,0,0,0,0,0,0,0,0,0,0,1,0,0,0,0
1995,"96",0,0,0,0,0,1,0,0,1,0,0,0,0,0,0,0,0,0,0
1996,"111",0,0,0,0,0,0,0,0,1,0,0,0,0,0,0,0,1,0,0
1995,"102",0,0,0,0,0,0,0,0,1,0,0,0,0,0,0,0,0,0,0
1994,"97",0,0,0,0,0,0,0,0,1,0,0,0,0,0,0,0,0,0,0
1994,"115",0,0,0,0,0,0,0,0,1,0,0,0,0,0,0,0,0,0,0
1995,"95",0,0,0,0,0,1,0,0,0,0,0,0,0,0,0,0,0,0,0
1993,"183",0,0,0,0,0,0,0,1,0,0,0,0,0,0,0,0,0,0,0
1994,"101",0,0,0,0,0,1,0,0,0,0,0,0,0,0,1,0,0,0,0
1994,"101",0,0,0,0,0,0,0,0,1,0,0,0,0,0,0,0,0,0,0
1993,"145",0,0,0,0,0,0,0,0,1,0,0,0,0,0,1,0,0,0,0
1952,"103",0,0,0,0,0,0,0,0,0,0,0,0,1,0,1,0,0,0,0
1996,"80",0,0,0,0,0,0,0,0,0,0,0,1,0,0,0,0,0,0,0
1991,"95",0,0,0,0,0,0,0,0,1,0,0,0,0,0,0,0,0,0,0
1989,"100",0,0,0,0,0,0,0,0,1,0,0,0,0,0,0,0,0,0,0
1992,"94",0,0,0,0,0,1,0,0,0,0,0,0,0,0,1,0,0,0,0
1985,"97",0,0,0,0,0,1,0,0,0,0,0,0,0,0,0,0,0,0,0
1996,"97",0,0,0,0,0,0,0,0,1,0,0,0,0,0,0,0,0,0,0
1987,"112",0,0,0,0,0,1,0,0,1,0,0,0,0,0,0,0,0,0,0
1995,"123",0,0,0,0,0,0,0,0,1,0,0,0,0,0,0,0,0,0,0
1995,"121",0,0,0,0,0,0,0,0,1,0,0,0,0,0,1,0,0,0,0
1995,"106",0,0,0,0,0,1,0,0,1,0,0,0,0,0,0,0,0,0,0
1995,"103",0,0,0,0,0,0,0,0,1,0,0,0,0,0,1,0,0,0,0
1996,"118",0,0,0,0,0,0,0,0,1,0,0,0,0,0,0,0,1,0,0
1995,"99",0,0,0,0,0,1,0,0,0,0,0,0,0,0,0,0,0,0,0
1995,"91",0,0,0,0,0,1,0,0,0,0,0,0,0,0,0,0,0,1,0
1995,"134",0,1,1,0,0,0,0,0,1,0,0,0,0,0,1,0,0,0,0
1995,"94",0,0,0,0,0,1,0,0,0,0,0,0,0,0,0,0,0,0,0
1995,"103",0,0,0,0,0,1,0,0,0,0,0,0,0,0,0,0,0,0,0
1995,"115",0,0,0,0,0,1,0,0,1,0,0,0,0,0,0,0,0,0,0
1995,"103",0,0,0,0,0,0,0,0,1,0,0,0,0,0,1,0,0,0,0
1994,"113",0,0,0,0,0,1,0,0,0,0,0,0,0,0,0,0,0,0,0
1995,"96",0,0,0,0,1,0,0,0,1,0,0,0,0,0,0,0,0,0,0
1994,"121",0,0,0,0,0,0,0,0,1,0,0,0,0,0,1,0,0,0,0
1994,"109",0,0,0,0,0,1,0,0,0,0,0,0,0,0,0,1,0,0,0
1994,"112",0,0,0,0,0,0,0,0,1,0,0,0,0,0,0,0,0,0,0
1994,"161",0,0,0,0,0,0,0,0,1,0,0,0,0,0,1,0,0,0,0
1994,"115",0,0,0,0,0,1,0,0,1,0,0,0,0,0,1,0,0,0,0
1993,"110",0,0,0,0,0,1,0,0,0,0,0,0,0,0,1,0,0,0,0
1994,"83",0,0,0,0,0,0,0,0,1,0,0,0,0,0,1,0,0,0,0
1993,"111",0,0,0,0,0,1,0,0,0,0,0,0,0,0,0,0,0,0,0
1993,"125",0,0,0,0,0,0,0,0,1,0,0,0,0,0,0,0,0,0,0
1993,"131",0,0,0,0,0,0,0,0,1,0,0,0,0,0,1,0,0,0,0
1994,"98",0,0,0,0,0,1,0,0,1,0,0,0,0,0,0,0,0,0,0
1994,"93",0,0,0,0,0,1,0,0,0,0,0,0,0,0,1,0,0,0,0
1990,"119",0,0,0,0,0,1,0,0,0,0,0,0,0,0,1,0,0,0,0
1996,"112",0,0,0,0,0,0,0,0,1,0,0,0,0,0,1,0,0,0,0
1995,"92",0,0,0,0,0,0,0,0,1,0,0,0,0,0,0,0,1,0,0
1996,"121",0,0,0,0,0,0,0,0,1,0,0,0,0,0,0,0,1,0,0
1996,"84",0,1,0,0,0,0,0,0,0,0,0,0,0,0,0,0,1,0,0
1996,"133",0,0,0,0,0,0,0,0,1,0,0,0,0,0,0,0,0,1,0
1972,"154",0,0,0,0,0,1,0,0,0,0,0,0,0,0,0,0,0,0,0
1985,"108",0,0,0,0,0,1,0,0,0,0,0,0,0,0,0,0,0,0,0
1993,"98",0,0,0,0,0,1,0,0,0,0,0,0,0,0,1,0,0,0,0
1997,"116",0,1,0,0,0,0,0,0,0,0,0,0,0,0,1,0,1,0,0
1997,"97",0,0,0,0,0,1,0,0,0,0,0,0,0,0,1,0,0,0,0
1997,"155",0,0,0,0,0,0,0,0,1,0,0,0,0,0,0,0,0,0,0
1997,"119",0,1,0,0,0,0,0,0,0,0,0,0,0,0,1,0,1,0,0
1998,"87",0,1,0,0,0,0,0,0,0,0,0,0,0,0,0,0,1,0,0
1994,"135",0,0,0,0,0,0,0,0,1,0,0,0,0,0,0,0,0,0,0
1997,"122",0,0,0,0,0,0,1,0,0,0,0,0,0,0,0,0,1,0,0
1995,"104",0,1,1,0,1,0,0,0,0,1,0,0,0,0,0,1,0,0,0
1995,"106",0,0,0,0,0,1,0,0,0,0,0,0,0,0,0,0,0,0,0
1995,"51",0,0,0,0,0,0,0,1,0,0,0,0,0,0,0,0,0,0,0
1995,"93",0,0,0,0,0,0,0,0,0,0,0,0,0,0,0,1,1,0,0
1995,"91",0,1,0,0,0,0,0,0,0,0,0,0,0,0,0,0,0,0,0
1995,"108",0,0,0,0,0,0,0,0,0,0,0,0,0,0,0,1,0,0,0
1995,"90",0,1,0,0,0,0,0,0,0,0,0,0,0,0,0,0,1,0,0
1996,"112",0,0,0,0,0,0,0,0,1,0,0,0,0,0,0,0,0,0,0
1996,"92",0,0,0,0,0,1,0,0,0,0,0,0,0,0,0,0,0,0,0
1996,"92",0,0,0,0,0,1,0,0,0,0,0,0,0,0,1,0,0,0,0
1992,"117",0,0,0,0,0,1,0,0,0,0,0,0,0,0,1,0,0,0,0
1995,"86",0,0,0,0,0,0,0,1,0,0,0,0,0,0,0,0,0,0,0
1995,"82",0,0,0,0,0,0,0,0,0,0,0,1,0,0,0,0,0,0,0
1995,"100",0,0,1,0,1,0,0,0,0,0,0,0,0,0,0,0,0,0,0
1995,"109",0,1,1,0,0,0,0,0,0,0,0,0,0,1,0,1,0,0,0
1995,"102",0,0,0,0,0,0,1,0,0,0,1,0,0,1,0,0,1,0,0
1995,"103",0,1,0,0,0,0,0,0,0,0,0,0,0,0,0,1,1,0,0
1995,"91",0,0,0,0,0,0,0,0,1,0,0,0,0,0,0,0,0,0,0
1995,"95",0,0,0,0,0,0,0,0,0,0,0,0,0,0,0,0,1,0,0
1995,"98",0,0,0,0,0,0,0,0,0,0,0,1,0,0,0,0,0,0,0
1995,"106",0,0,0,0,0,1,0,0,1,0,0,0,0,0,1,0,0,0,0
1995,"115",0,0,0,0,0,0,0,0,1,0,0,0,0,0,0,0,0,0,0
1995,"90",0,0,0,0,0,0,0,0,0,0,0,1,0,0,0,0,0,0,0
1994,"97",0,0,0,0,0,1,0,0,1,0,0,0,0,0,1,0,0,0,0
1994,"101",0,1,0,0,0,0,0,0,0,0,0,0,0,0,0,0,0,0,0
1994,"107",0,0,0,0,0,1,0,0,0,0,0,0,0,0,0,0,0,0,0
1995,"111",0,0,0,0,0,1,0,0,0,0,0,0,0,0,1,0,0,0,0
1994,"98",0,0,0,0,0,0,0,0,1,0,0,0,0,0,0,0,0,0,0
1994,"110",0,0,0,0,0,1,0,0,0,0,0,0,0,0,1,0,0,0,0
1994,"89",0,0,0,0,0,0,0,0,1,0,0,1,0,0,0,0,0,0,0
1994,"109",0,0,0,0,0,1,0,0,0,0,0,0,0,0,1,0,0,0,0
1995,"113",0,0,0,0,0,1,0,0,0,0,0,0,0,0,1,0,0,0,0
1995,"108",0,0,0,0,0,1,0,0,1,0,0,0,0,0,0,0,0,0,0
1994,"94",0,0,0,0,0,0,0,0,0,0,0,1,0,0,0,0,1,0,0
1994,"93",0,0,0,0,0,1,0,0,1,0,0,0,0,0,0,0,0,0,0
1995,"97",0,0,0,0,0,1,0,0,0,0,0,0,0,0,0,0,0,0,0
1995,"94",0,0,0,0,1,0,0,0,0,0,0,0,0,0,0,0,0,0,0
1994,"98",0,0,0,0,0,1,0,0,0,0,0,0,0,0,0,0,0,0,0
1994,"115",0,0,0,0,0,1,0,0,0,0,0,0,0,0,0,0,0,0,0
1994,"101",0,0,0,0,0,0,0,0,1,0,0,0,0,0,1,0,0,0,0
1994,"95",0,0,0,0,1,1,0,0,0,0,0,0,0,0,0,0,0,0,0
1994,"99",0,0,0,0,0,1,0,0,0,0,0,0,0,0,1,0,0,0,0
1994,"99",0,1,0,0,0,0,0,0,0,0,0,0,0,0,0,1,0,0,0
1995,"108",0,1,0,0,0,0,0,0,0,0,0,0,0,0,0,0,0,0,0
1994,"91",0,0,0,0,0,0,0,0,1,0,0,0,0,0,0,0,0,0,0
1994,"95",0,0,0,0,0,0,0,0,0,0,0,1,0,0,0,0,1,0,0
1994,"107",0,0,0,0,0,1,0,0,0,0,0,0,0,0,0,0,0,0,0
1993,"97",0,1,1,0,0,0,1,0,0,0,0,0,0,0,0,0,1,0,0
1993,"140",0,1,0,0,0,0,0,0,1,0,0,0,0,0,0,0,0,1,0
1994,"112",0,0,0,0,0,1,0,0,0,0,0,0,0,0,0,0,0,0,0
1993,"104",0,0,0,0,0,1,0,0,0,0,0,0,0,1,0,0,0,0,0
1993,"97",0,1,0,0,0,0,1,0,1,0,0,0,0,0,0,0,0,0,0
1993,"109",0,0,0,0,0,0,0,0,1,0,0,0,0,0,0,0,0,0,0
1993,"112",0,1,0,0,0,0,0,0,1,0,0,0,0,0,0,0,0,0,0
1993,"125",0,1,0,0,0,0,0,0,1,0,0,0,0,1,0,0,0,0,0
1994,"108",0,1,0,0,0,0,0,0,0,0,0,0,0,0,0,0,0,0,0
1993,"98",0,0,0,0,0,0,0,1,0,0,0,0,0,0,0,0,0,0,0
1994,"95",0,0,1,0,1,0,0,0,0,0,0,0,0,0,0,0,0,0,0
1995,"102",0,0,0,0,0,0,0,1,0,0,0,0,0,0,0,0,0,0,0
1994,"60",0,0,0,0,0,0,0,1,0,0,0,0,0,0,0,0,0,0,0
1996,"108",0,0,0,0,0,0,0,0,1,0,0,0,0,0,1,0,0,0,0
1995,"95",0,0,0,0,0,0,0,0,0,0,0,1,0,0,0,0,0,0,0
1995,"88",0,0,0,0,0,0,0,0,1,0,0,0,0,0,0,0,0,0,0
1996,"108",0,0,0,0,0,1,0,0,0,0,0,0,0,0,0,0,0,0,0
1996,"100",0,0,0,0,0,1,0,0,0,0,0,0,0,0,0,0,0,0,0
1996,"88",0,0,1,1,1,1,0,0,0,1,0,0,0,0,0,0,0,0,0
1996,"105",0,0,0,0,0,1,0,0,0,0,0,0,0,0,1,0,0,0,0
1968,"130",0,0,0,0,0,0,0,0,1,0,0,0,0,0,0,0,0,0,0
1996,"107",0,0,0,0,0,0,1,0,0,0,1,0,0,0,0,0,1,0,0
1996,"91",0,0,0,0,0,1,0,0,0,0,0,0,0,0,0,0,0,0,0
1996,"115",0,1,0,0,0,0,0,0,0,0,0,0,0,0,0,1,1,0,0
1996,"100",0,0,1,0,0,0,0,0,0,0,0,0,0,0,0,0,0,0,0
1996,"114",0,1,1,0,0,0,0,0,0,0,0,0,0,0,0,0,1,0,0
1996,"109",0,0,1,0,1,0,0,0,0,0,0,0,0,0,0,0,0,0,0
1996,"98",0,1,1,0,0,0,0,0,0,0,0,0,0,0,0,0,0,0,0
1996,"89",0,1,0,0,0,0,0,0,0,0,0,0,0,1,0,0,1,0,0
1996,"101",0,1,1,0,0,0,0,0,0,0,0,0,0,0,0,1,1,0,0
1996,"110",0,0,0,0,1,0,0,0,1,1,0,0,0,0,0,0,0,0,0
1996,"84",0,1,0,0,0,0,0,0,0,0,0,0,0,0,0,0,0,0,0
1995,"87",0,0,0,0,0,0,0,0,0,0,0,1,0,0,0,0,1,0,0
1934,"107",0,0,0,0,0,1,0,0,0,0,0,0,1,0,1,0,0,0,0
1939,"110",0,0,0,0,0,1,0,0,0,0,0,0,0,0,1,0,0,0,0
1941,"135",0,0,0,0,0,0,0,0,1,0,0,0,0,0,0,0,0,0,0
1985,"93",0,1,0,0,0,0,0,0,0,0,0,0,0,0,0,0,0,0,0
1996,"101",0,0,0,0,0,0,0,0,0,0,0,1,0,0,0,0,1,0,0
1996,"101",0,1,0,0,0,0,0,0,1,0,0,0,0,0,0,0,0,0,1
1996,"91",0,1,0,0,0,0,0,0,0,0,0,0,0,0,0,0,1,0,0
1960,"134",0,0,0,0,1,1,0,0,1,0,0,0,0,0,0,0,0,0,0
1959,"104",0,0,0,0,1,1,0,0,0,0,0,0,0,0,0,0,0,0,0
1996,"102",0,0,0,0,0,0,1,0,0,0,0,0,0,0,0,0,0,0,0
1996,"108",0,0,0,0,0,1,0,0,0,0,0,0,0,0,0,0,0,0,0
1996,"93",0,0,0,0,0,0,0,0,1,0,0,0,0,0,1,0,0,0,0
1996,"112",0,0,0,0,0,0,0,1,1,0,0,0,0,0,0,0,0,0,0
1944,"95",0,0,0,0,0,0,0,0,0,0,1,0,0,0,0,0,1,0,0
1990,"107",0,1,0,0,0,0,0,0,0,0,0,0,0,0,1,0,0,0,0
1996,"105",0,0,0,0,0,0,0,1,0,0,0,0,0,0,0,0,0,0,0
1967,"87",0,0,0,0,0,0,0,0,1,0,0,0,0,0,0,0,0,0,0
1996,"85",0,0,0,0,0,0,0,0,1,0,0,0,0,0,0,0,1,0,0
1992,"104",0,0,0,0,0,1,0,0,0,0,0,1,0,0,0,0,0,0,0
1987,"91",0,0,0,0,0,1,0,0,0,0,0,1,0,0,0,0,0,0,0
1981,"117",0,1,0,0,0,0,0,0,1,0,0,0,0,1,1,0,1,0,0
1991,"129",0,0,0,0,0,1,0,0,1,0,0,0,0,0,0,0,0,0,0
1996,"75",0,0,0,0,0,0,0,1,0,0,0,0,0,0,0,0,0,0,0
1996,"97",0,0,0,0,0,0,0,0,0,0,0,1,0,0,0,0,0,0,0
1986,"89",0,0,0,0,0,1,0,0,0,0,0,1,0,0,0,0,0,0,0
1987,"114",0,0,0,0,0,0,0,0,0,0,0,1,0,0,0,0,1,0,0
1988,"97",0,0,0,0,0,0,0,0,0,0,0,1,0,0,0,0,0,0,0
1996,"89",0,0,1,0,1,1,0,0,0,0,0,0,0,0,0,0,0,0,0
1970,"94",0,0,0,0,0,0,0,0,1,0,0,0,0,0,0,0,0,0,0
1996,"101",0,0,0,0,0,1,0,0,0,0,0,0,0,0,0,0,0,0,0
1996,"105",0,0,0,0,0,1,0,0,0,0,0,0,0,0,1,0,0,0,0
1996,"111",0,0,0,0,0,0,0,0,1,0,0,0,0,0,0,0,0,0,0
1995,"100",0,0,0,0,0,0,0,0,1,0,0,0,0,0,0,0,0,0,0
1997,"109",0,0,0,0,0,1,0,0,0,0,0,0,0,0,1,0,0,0,0
1997,"96",0,0,0,0,0,0,0,0,0,0,0,0,0,0,1,0,0,0,0
1997,"93",0,0,0,0,0,1,0,0,0,0,0,0,0,0,0,0,0,0,0
1997,"109",0,0,0,0,0,0,0,0,0,0,0,0,0,0,1,0,0,0,0
1997,"101",0,0,0,0,0,1,0,0,0,0,0,0,0,0,1,0,0,0,0
1997,"83",0,0,0,0,0,0,0,0,1,0,0,0,0,0,0,0,0,0,0
1997,"100",0,0,0,0,0,0,0,0,1,0,0,0,0,0,1,0,0,0,0
1997,"97",0,1,0,0,0,1,0,0,0,0,0,0,0,0,0,0,0,0,0
1997,"101",0,0,1,0,0,0,0,0,0,0,0,0,0,0,1,0,0,0,0
1997,"89",0,0,0,0,1,1,0,0,0,0,0,0,0,1,0,0,0,0,0
1997,"124",0,1,0,0,0,0,0,0,0,0,0,0,0,0,0,0,1,1,0
1997,"115",0,0,0,0,0,0,0,0,1,0,0,0,0,0,0,0,0,0,0
1997,"115",0,0,0,0,0,0,0,0,1,0,0,0,0,0,0,0,0,0,0
1997,"101",0,0,0,0,0,0,0,0,1,0,0,0,0,0,0,0,0,0,0
1997,"106",0,0,0,0,0,0,0,1,0,0,0,0,0,0,0,0,0,0,0
1998,"96",0,0,0,0,0,0,0,0,0,0,0,1,0,0,0,0,0,0,0
1997,"103",0,0,0,0,0,0,0,0,0,0,0,0,0,0,1,0,1,0,0
1997,"108",0,0,0,0,0,0,0,0,1,0,0,0,0,0,0,0,0,0,0
1997,"102",0,0,0,0,0,0,0,0,1,0,0,0,0,0,0,0,0,0,0
1997,"100",0,0,0,0,0,0,0,0,0,0,0,0,0,0,1,0,0,0,0
1997,"95",0,1,1,0,0,0,0,0,0,0,0,0,0,0,0,0,0,0,0
1997,"105",0,0,0,0,0,0,0,0,1,0,0,0,0,0,0,0,0,1,0
1997,"93",0,0,0,0,1,1,0,0,0,1,0,0,0,0,0,0,0,0,0
1997,"115",0,0,0,0,0,1,0,0,0,0,0,0,0,0,0,0,0,0,0
1997,"102",0,0,0,0,1,1,0,0,0,0,0,0,0,0,0,0,0,0,0
1997,"120",0,0,0,0,0,0,0,0,0,0,0,1,0,0,0,0,1,0,0
1997,"112",0,0,0,0,0,0,0,0,1,0,0,0,0,0,0,0,0,0,0
1997,"101",0,1,1,0,0,0,0,0,0,0,0,0,0,0,0,1,0,0,0
1997,"177",0,0,0,0,0,0,0,0,1,0,0,0,0,0,0,0,0,0,0
1997,"108",0,0,0,0,0,0,0,0,1,0,0,0,0,0,0,0,0,0,0
1997,"134",0,0,0,0,0,0,0,0,1,0,0,0,0,0,0,0,0,0,0
1997,"87",0,0,0,0,0,1,0,0,0,0,0,0,0,0,0,0,0,0,0
1998,"117",0,0,0,0,0,1,1,0,0,0,0,0,0,1,0,0,1,0,0
1997,"119",0,0,0,0,0,0,0,0,1,0,0,0,0,0,1,0,0,0,0
1997,"88",0,0,0,0,0,1,0,0,1,0,0,0,0,0,0,0,0,0,0
1998,"111",0,0,0,0,0,0,0,0,1,0,0,0,0,0,1,0,0,0,0
1997,"132",0,0,0,0,0,0,0,0,1,0,0,0,0,0,1,0,0,0,0
1998,"80",0,0,0,0,0,1,0,0,0,0,0,0,0,0,0,0,0,0,0
1998,"82",0,0,0,0,0,1,0,0,0,0,0,0,0,0,0,0,0,0,0
1998,"111",0,0,0,0,0,0,0,0,1,0,0,0,0,0,0,0,0,0,0
1997,"128",0,0,0,0,0,0,0,0,1,0,0,0,0,0,0,0,0,0,0
1998,"94",0,0,0,0,0,0,1,0,1,0,0,0,0,0,0,0,0,0,0
1998,"131",0,1,0,0,0,0,0,0,0,0,0,0,0,0,0,0,1,0,0
1997,"93",0,0,0,0,0,1,0,0,0,0,0,0,0,0,0,0,0,0,0
1998,"108",0,0,0,0,0,0,1,0,1,0,0,0,0,1,0,0,1,0,0
1998,"143",0,0,0,0,0,0,0,0,1,0,0,0,0,0,0,0,0,0,0
1998,"130",0,1,0,0,0,0,0,0,0,0,0,0,0,0,0,1,1,0,0
1998,"111",0,1,0,0,0,0,0,0,1,0,0,0,0,0,0,0,1,0,0
1998,"114",0,0,0,0,0,0,0,0,0,0,0,0,0,0,1,0,0,0,0
1995,"112",0,0,1,0,0,0,0,0,0,0,0,0,0,0,0,1,0,0,0
1995,"85",0,0,0,0,0,0,0,0,1,0,0,0,0,0,0,0,0,0,0
1992,"171",0,0,0,0,0,0,0,0,1,0,0,0,0,0,1,0,0,0,0
1995,"121",0,0,0,0,0,0,0,0,0,0,0,0,0,0,0,0,0,0,1
1991,"125",0,0,0,0,0,0,0,0,1,0,0,0,0,0,0,0,0,0,0
1996,"129",0,0,1,0,0,0,0,0,1,0,0,0,0,0,0,0,0,0,0
1996,"117",0,0,0,0,0,0,0,0,0,0,0,0,0,0,0,1,1,0,0
1996,"92",0,0,0,0,0,1,0,0,0,0,0,0,0,0,0,0,0,0,0
1995,"103",0,0,0,0,0,0,0,0,1,0,0,0,0,0,0,0,0,0,0
1996,"101",0,0,0,0,0,0,0,0,1,0,0,1,0,0,0,0,0,0,0
1996,"100",0,0,0,0,1,1,0,0,0,0,0,0,0,0,0,0,0,0,0
1996,"107",0,1,1,0,0,0,0,0,0,0,0,0,0,0,0,0,1,0,0
1996,"96",0,0,0,0,0,0,0,0,0,0,0,0,0,0,0,1,1,0,0
1996,"101",0,0,0,0,1,1,0,0,0,0,0,0,0,0,0,0,0,0,0
1996,"99",0,0,0,0,0,0,0,0,1,0,0,0,0,0,0,0,0,0,0
1996,"123",0,0,0,0,0,0,0,0,1,0,0,0,0,0,0,0,0,0,0
1997,"122",0,0,0,0,0,0,0,0,1,0,0,0,0,0,0,0,0,1,0
1996,"108",0,0,0,0,0,1,0,0,1,0,0,0,0,0,1,0,0,0,0
1997,"105",0,0,0,0,0,0,0,0,1,0,0,0,0,0,0,0,0,0,0
1997,"98",0,0,0,0,0,1,0,0,0,0,0,0,0,0,1,0,0,0,0
1995,"122",0,0,0,0,0,0,0,0,1,0,0,0,0,0,0,0,1,0,0
1994,"92",0,0,0,0,0,1,0,0,0,0,0,0,0,0,0,0,0,0,0
1994,"101",0,0,0,0,0,1,0,0,1,0,0,0,0,0,0,0,0,0,0
1993,"118",0,0,0,0,0,0,0,0,1,0,0,0,0,0,0,0,0,0,0
1993,"96",0,0,0,0,0,0,0,0,0,0,0,0,0,0,0,0,1,0,0
1994,"128",0,0,0,0,0,1,0,0,1,0,0,0,0,0,0,0,0,1,0
1963,"113",0,0,0,0,0,1,0,0,0,0,0,0,0,1,1,0,1,0,0
1981,"83",0,0,0,1,1,0,0,0,0,0,0,0,0,0,0,0,0,0,0
1988,"168",0,0,1,0,0,0,0,0,0,0,0,0,0,0,1,0,0,0,0
1997,"79",0,0,0,0,0,1,0,0,0,0,0,0,0,0,1,0,0,0,0
1995,"117",0,0,0,0,0,0,0,0,1,0,0,0,0,0,1,0,0,0,0
1995,"115",0,0,0,0,0,0,0,0,1,0,0,0,0,0,0,0,0,0,0
1995,"96",0,0,1,0,1,0,0,0,0,1,0,0,0,0,0,0,0,0,0
1995,"83",0,0,0,0,0,1,0,0,0,0,0,0,0,0,0,0,0,0,0
1995,"93",0,0,0,0,0,1,0,0,1,0,0,0,0,0,0,0,0,0,0
1995,"73",0,0,0,0,0,0,0,1,0,0,0,0,0,0,0,0,0,0,0
1995,"101",0,0,0,0,0,0,0,0,1,0,0,0,0,0,1,0,0,0,0
1994,"110",0,0,0,0,0,0,0,0,1,0,0,0,0,0,0,0,0,0,0
1991,"105",0,0,0,0,0,1,0,0,0,0,0,0,0,0,0,0,0,0,0
1994,"133",0,0,0,0,0,0,0,0,1,0,0,0,0,0,0,0,0,0,0
1993,"103",0,0,0,0,0,1,0,0,0,0,0,0,0,0,0,0,0,0,0
1993,"131",0,0,0,0,0,0,0,0,1,0,0,0,0,0,0,0,0,0,0
1992,"94",0,0,0,0,0,0,0,0,1,0,0,0,0,0,0,0,0,0,0
1993,"114",0,0,0,0,0,0,0,0,1,0,0,0,0,0,0,0,0,0,0
1994,"25",0,0,0,0,0,0,0,0,1,0,0,0,0,0,0,0,1,0,0
1995,"92",0,0,0,0,0,1,0,0,1,0,0,0,0,0,0,0,0,0,0
1957,"103",0,0,0,0,0,1,0,0,0,0,0,0,1,0,0,0,0,0,0
1957,"115",0,0,0,0,0,0,0,0,0,0,0,0,0,0,1,0,0,0,0
1936,"102",0,0,0,0,0,0,0,0,1,0,0,0,0,0,0,0,0,0,0
1949,"102",0,0,0,0,0,0,0,0,0,0,0,0,1,0,0,0,0,0,0
1968,"25",0,0,0,1,1,0,0,0,0,0,0,0,0,0,0,0,0,0,0
1991,"113",0,0,0,0,0,1,0,0,0,0,0,0,0,0,0,0,0,0,0
1991,"96",0,0,0,0,0,1,0,0,0,0,0,0,0,0,0,0,0,1,0
1992,"135",0,0,0,0,0,0,0,0,1,0,0,0,0,0,0,0,0,0,0
1995,"10",0,0,0,0,0,0,0,1,0,0,0,0,0,0,0,0,0,0,0
1996,"101",0,0,0,0,0,0,0,0,1,0,0,0,0,0,0,0,1,0,0
1996,"97",0,0,0,0,0,0,0,0,0,0,0,0,0,0,0,0,1,0,0
1996,"94",0,1,0,0,0,0,0,0,0,0,0,0,0,0,0,1,1,0,0
1996,"114",0,1,0,0,0,0,0,0,0,0,0,0,0,0,0,0,0,0,0
1996,"132",0,0,0,0,0,0,0,0,0,0,0,0,0,1,0,0,1,0,0
1996,"94",0,0,0,0,0,0,0,0,1,0,0,0,0,0,0,0,1,0,0
1996,"114",0,0,0,0,0,0,0,0,1,0,0,0,0,0,0,0,0,0,0
1997,"95",0,0,0,0,0,0,0,0,1,0,0,0,0,0,0,0,0,0,0
1996,"101",0,1,1,0,0,0,0,0,0,0,0,0,0,0,0,0,1,0,0
1996,"95",0,0,0,0,0,0,0,0,0,0,0,0,0,0,0,0,1,0,0
1997,"103",0,0,0,0,0,0,0,0,0,0,0,0,0,0,0,0,1,0,0
1996,"101",0,0,0,0,0,0,0,0,1,0,0,0,0,0,0,0,0,0,0
1997,"100",0,0,0,0,0,0,0,0,0,0,0,0,0,0,0,0,1,0,0
1996,"95",0,0,0,0,0,0,0,0,0,0,0,0,0,0,0,0,1,0,0
1997,"105",0,0,0,0,0,1,0,0,0,0,0,0,0,0,1,0,0,0,0
1997,"75",0,0,0,1,1,0,0,0,0,0,0,0,1,0,0,0,0,0,0
1997,"108",0,0,0,0,0,0,0,0,1,0,0,0,0,0,1,0,0,0,0
1997,"113",0,0,0,0,0,0,1,0,0,0,0,0,0,0,0,0,0,0,0
1996,"92",0,0,0,0,0,1,0,0,0,0,0,0,0,0,0,0,1,0,0
1997,"93",0,0,1,1,1,1,0,0,0,0,0,0,1,0,0,0,0,0,0
1997,"92",0,0,0,0,0,0,0,0,1,0,0,0,0,0,0,0,0,0,0
1997,"86",0,0,0,0,0,1,0,0,0,0,0,0,0,0,0,0,0,0,0
1995,"100",0,0,0,0,1,1,0,0,0,0,0,0,0,0,0,0,0,0,0
1995,"95",0,0,0,0,0,1,0,0,0,0,0,0,0,0,0,0,0,0,0
1994,"80",0,0,0,0,0,1,0,0,0,0,0,0,0,0,0,0,0,0,0
1994,"107",0,0,0,0,0,1,0,0,0,0,0,0,0,0,0,0,0,0,0
1994,"98",0,0,0,0,0,1,0,0,0,0,0,0,0,0,0,0,0,0,1
1996,"94",0,0,0,0,0,1,0,0,0,0,0,0,0,0,0,0,0,0,0
1997,"84",0,0,0,0,0,1,0,0,0,0,0,0,0,0,0,0,0,0,0
1993,"115",0,0,0,0,0,0,0,0,1,0,0,0,0,0,0,0,0,0,1
1991,"98",0,0,0,0,0,0,0,0,1,0,0,0,0,0,0,0,0,0,0
1991,"158",0,0,0,0,0,0,0,0,1,0,0,0,0,0,0,1,0,0,0
1996,"84",0,0,0,0,0,1,0,0,0,0,0,0,0,0,0,0,0,0,0
1996,"103",0,0,0,0,0,0,0,0,1,0,0,0,0,0,0,0,0,0,0
1996,"118",0,0,0,0,0,0,0,0,1,0,0,0,0,0,0,0,0,0,0
1996,"107",0,0,0,0,0,0,0,0,1,0,0,0,0,0,0,0,0,0,0
1996,"104",0,0,0,0,0,0,1,0,0,0,0,0,0,0,0,0,0,0,0
1997,"109",0,0,0,0,0,1,0,0,1,0,0,0,0,0,0,0,0,0,0
1997,"89",0,1,1,0,0,0,0,0,0,0,0,0,0,0,0,0,1,0,0
1997,"92",0,0,0,0,0,1,0,0,0,0,0,0,0,0,0,0,0,0,0
1996,"93",0,0,0,0,1,0,0,0,1,0,0,0,0,0,0,0,0,0,0
1997,"115",0,1,1,0,0,0,0,0,0,0,0,0,0,0,0,0,1,0,0
1996,"95",0,0,0,0,0,0,0,0,1,0,0,0,0,0,0,0,0,0,0
1989,"101",0,0,0,0,0,0,0,0,1,0,0,0,0,0,0,0,0,0,0
1989,"111",0,1,0,0,0,0,0,0,0,0,0,0,0,0,0,0,1,0,0
1944,"114",0,0,0,0,0,0,0,0,0,0,0,0,0,1,0,0,1,0,0
1963,"138",0,0,0,0,0,0,0,0,1,0,0,0,0,0,0,0,0,0,0
1997,"80",0,0,0,0,0,0,0,1,0,0,0,0,0,0,0,0,0,0,0
1997,"98",0,0,0,0,0,1,0,0,0,0,0,0,0,0,0,0,0,0,0
1997,"97",0,0,0,0,0,0,0,0,0,0,0,0,0,0,1,0,0,0,0
1997,"105",0,1,0,0,0,0,0,0,1,0,0,0,0,0,0,0,1,0,0
1997,"94",0,0,0,0,0,1,0,0,1,0,0,0,0,0,0,0,0,0,0
1995,"104",0,1,0,0,0,0,0,0,0,0,0,0,0,0,0,0,0,0,0
1995,"101",0,0,0,0,0,1,0,0,0,0,0,0,0,0,1,0,0,0,0
1995,"88",0,0,0,0,0,1,0,0,0,0,0,0,0,0,0,0,0,0,0
1993,"92",0,0,0,0,0,1,0,0,0,0,0,0,0,0,0,0,0,0,0
1994,"94",0,0,1,0,1,0,0,0,0,0,0,0,0,0,0,0,0,0,0
1994,"119",0,0,0,0,1,1,0,0,0,0,0,0,0,0,0,0,0,0,0
1996,"88",0,0,1,0,1,0,0,0,0,0,0,0,0,0,0,0,0,0,0
1996,"95",0,1,1,0,0,0,0,0,0,0,0,0,0,0,0,0,0,0,0
1993,"98",0,0,0,0,0,1,0,0,0,0,0,0,0,0,0,0,0,0,0
1991,"103",0,0,0,0,0,1,0,0,0,1,0,0,0,0,0,0,0,0,0
1982,"115",0,0,0,0,0,1,0,0,0,0,0,0,1,0,1,0,0,0,0
1997,"118",0,0,0,0,0,0,0,0,0,0,0,0,0,0,0,0,1,0,0
1996,"242",0,0,0,0,0,0,0,0,1,0,0,0,0,0,0,0,0,0,0
1996,"96",0,0,0,0,0,1,0,0,0,0,0,0,0,0,1,0,0,0,0
1995,"101",0,0,0,0,0,1,0,0,0,0,0,0,0,0,1,0,0,0,0
1995,"102",0,0,0,0,0,0,0,0,0,0,0,0,0,1,0,0,1,0,0
1995,"85",0,0,0,0,0,1,0,0,0,0,0,0,0,0,0,0,0,0,0
1994,"112",0,0,0,0,0,1,0,0,1,0,0,0,0,0,0,0,0,0,0
1993,"122",0,0,0,0,0,0,0,0,1,0,0,0,0,0,0,0,0,0,0
1993,"107",0,0,0,0,0,0,0,0,0,0,0,0,0,0,0,0,1,0,0
1996,"117",0,0,0,0,0,1,0,0,0,0,0,0,0,0,0,0,0,0,0
1996,"96",0,0,0,0,0,1,0,0,0,0,0,0,0,0,1,0,0,0,0
1996,"108",0,0,0,0,0,1,0,0,0,0,0,0,0,0,0,0,0,0,0
1947,"104",0,0,0,0,0,0,0,0,1,0,0,0,0,0,1,0,0,0,0
1996,"114",0,0,0,0,0,1,0,0,0,0,0,0,0,0,0,0,0,0,0
1995,"88",0,0,0,0,0,1,0,0,0,0,0,1,0,0,0,0,0,0,0
1995,"102",0,0,0,0,0,0,0,0,1,0,0,0,0,0,0,0,0,0,0
1996,"96",0,0,0,0,0,1,0,0,0,0,0,0,0,0,0,0,0,0,0
1994,"106",0,0,0,0,0,0,0,0,1,0,0,0,0,0,0,0,0,0,0
1992,"94",0,0,0,0,0,0,0,0,0,0,0,1,0,0,0,0,0,0,0
1996,"98",0,0,0,0,0,1,0,0,0,0,0,0,0,0,0,0,0,0,0
1994,"126",0,0,1,0,0,0,0,0,1,0,0,0,0,0,0,0,0,0,0
1996,"89",0,0,0,0,0,1,0,0,0,0,0,0,0,0,0,0,0,0,0
1996,"96",0,0,1,0,1,0,0,0,0,0,0,0,0,0,0,0,0,0,0
1996,"129",0,0,0,0,0,1,0,0,1,0,0,0,0,0,0,0,0,0,0
1997,"110",0,0,0,0,0,0,0,0,1,0,0,0,0,0,0,0,0,0,0
1995,"97",0,0,0,0,1,0,0,0,1,0,0,0,0,0,0,0,0,0,0
1947,"86",0,0,0,0,0,0,1,0,0,0,1,0,0,0,0,0,0,0,0
1982,"86",0,0,0,0,0,0,0,1,0,0,0,0,0,0,0,0,0,1,0
1995,"78",0,0,0,1,1,0,0,0,0,0,0,0,0,0,0,0,0,0,0
1996,"91",0,0,0,0,0,1,0,0,0,0,0,0,0,0,0,0,0,0,0
1995,"113",0,0,0,0,0,0,0,0,1,0,0,0,0,0,0,0,0,0,0
1994,"105",0,0,0,0,0,0,1,0,1,0,0,0,0,0,0,0,1,0,0
1995,"90",0,0,0,0,0,1,0,0,0,0,0,0,0,0,0,0,0,0,0
1995,"94",0,0,0,0,0,1,0,0,0,0,0,0,0,0,0,0,0,0,0
1995,"94",0,0,0,0,0,1,0,0,0,0,0,0,0,0,1,0,0,0,0
1994,"89",0,0,0,0,0,0,0,0,0,0,0,0,0,0,0,0,1,0,0
1994,"99",0,0,0,0,0,1,0,0,1,0,0,0,0,0,0,0,0,0,0
1994,"99",0,0,0,0,0,0,0,0,1,0,0,0,0,0,0,0,0,0,0
1994,"80",0,1,1,1,1,0,0,0,0,1,0,0,0,0,0,0,0,0,0
1994,"101",0,0,0,0,0,0,0,0,0,0,0,0,0,0,0,0,1,0,0
1988,"74",0,0,0,1,1,0,0,0,0,0,0,0,0,0,0,0,0,0,0
1996,"80",0,0,0,0,0,1,0,0,0,0,0,0,1,0,0,0,0,0,0
1994,"80",0,0,0,0,0,1,0,0,0,0,0,0,0,0,0,0,0,0,0
1996,"88",0,0,0,0,0,0,1,0,0,0,0,0,0,0,0,0,0,0,0
1996,"120",0,0,0,0,0,0,0,0,1,0,0,0,0,0,0,0,0,0,0
1996,"94",0,0,0,0,0,0,1,0,0,0,0,0,0,0,0,0,1,0,0
1995,"117",0,0,0,0,0,0,0,1,0,0,0,0,0,0,0,0,0,0,0
1996,"109",0,0,0,0,0,0,0,0,1,0,0,0,0,0,1,0,0,0,0
1996,"110",0,0,0,0,0,0,0,0,1,0,0,0,0,0,0,0,0,0,0
1996,"90",0,1,0,0,0,0,0,0,0,0,0,0,0,0,0,0,0,0,0
1997,"93",0,1,0,0,0,0,0,0,0,0,0,0,0,0,0,0,0,0,0
1997,"121",0,1,0,0,0,0,0,0,0,0,0,0,0,0,1,0,1,0,0
1993,"107",0,0,0,0,0,0,0,0,0,0,0,0,0,0,0,0,1,0,0
1977,"128",0,0,1,1,1,0,0,0,0,0,0,0,1,0,0,0,0,0,0
1996,"112",0,0,0,0,0,1,0,0,0,0,0,0,0,0,0,0,0,0,0
1995,"95",0,0,0,0,0,1,0,0,0,0,0,0,0,0,0,0,0,0,0
1996,"108",0,0,0,0,0,1,0,0,0,0,0,0,0,0,0,0,0,0,0
1996,"86",0,0,0,0,0,1,0,0,0,0,0,0,0,0,0,0,0,0,0
1997,"88",0,0,0,0,0,0,0,0,0,0,0,0,0,0,1,0,0,0,0
1995,"98",0,0,0,0,0,0,0,0,1,0,0,0,0,0,0,0,0,0,0
1996,"92",0,0,0,0,0,1,0,0,0,0,0,0,0,0,0,0,0,0,0
1994,"111",0,0,0,0,0,0,0,0,1,0,0,0,0,0,0,0,0,0,0
1994,"91",0,0,0,0,0,1,0,0,1,0,0,0,0,0,1,0,0,0,0
1993,"112",0,0,0,0,0,0,0,0,1,0,0,0,0,1,0,0,0,0,0
1995,"118",0,0,0,0,0,1,0,0,0,0,0,0,0,0,1,0,0,0,0
1990,"107",0,0,0,0,0,1,0,0,1,0,0,0,0,0,0,0,0,0,0
1992,"95",0,0,0,0,0,1,1,0,1,0,0,0,0,0,0,0,0,0,0
1998,"89",0,1,1,0,0,0,0,0,0,0,0,0,0,0,0,0,1,0,0
1998,"122",0,0,0,0,0,0,1,0,1,0,0,0,0,0,0,0,0,0,0
1995,"100",0,0,0,0,0,0,0,0,1,0,0,0,0,0,0,0,0,0,0
1995,"116",0,0,0,0,0,0,0,0,1,0,0,0,0,0,0,0,0,0,0
1994,"103",0,0,0,0,0,0,0,0,1,0,0,0,0,0,0,0,1,0,0
1995,"104",0,1,0,0,0,1,0,0,0,0,0,0,1,0,0,1,0,0,0
1994,"87",0,0,0,0,0,0,0,0,1,0,0,0,0,0,0,0,0,0,0
1994,"128",0,0,0,0,0,0,0,0,1,0,0,0,0,0,0,0,0,0,0
1994,"125",0,0,0,0,0,0,0,0,1,0,0,0,0,0,0,0,0,0,0
1996,"91",0,0,0,0,0,1,0,0,0,0,0,0,0,0,0,0,0,0,0
1996,"134",0,0,0,0,0,1,0,0,1,0,0,0,0,0,1,0,0,0,0
1940,"94",0,0,1,0,0,0,0,0,0,0,0,0,0,0,0,0,0,0,0
1996,"125",0,0,0,0,0,0,0,0,1,0,0,0,0,0,0,0,0,0,0
1978,"86",0,0,0,0,0,1,0,0,0,0,0,0,0,0,0,0,0,0,0
1987,"95",0,0,0,0,0,0,0,0,1,0,0,0,0,0,1,0,0,0,0
1996,"135",0,0,0,0,0,1,0,0,0,0,0,0,0,0,0,0,0,0,0
1964,"91",0,0,0,0,0,0,0,0,1,0,0,0,1,0,0,0,0,0,0
1939,"92",0,0,0,0,0,0,1,0,1,0,0,0,0,0,0,0,0,0,0
1954,"116",0,0,0,0,0,0,0,0,1,0,0,0,0,0,0,0,0,0,0
1932,"80",0,0,0,0,0,0,0,0,0,0,0,0,0,0,1,0,0,1,0
1961,"100",0,0,0,0,0,0,0,0,0,0,0,0,0,0,0,0,1,0,0
1958,"86",0,0,1,0,0,0,0,0,1,0,0,0,0,0,0,0,0,0,0
1998,"103",0,0,0,0,0,0,0,0,1,0,0,0,0,0,0,0,0,0,0
1995,"106",0,0,0,0,0,0,0,1,0,0,0,0,0,0,0,0,0,0,0
1994,"102",0,0,0,0,0,0,0,0,1,0,0,0,0,1,1,0,0,0,0
1995,"87",0,0,0,0,0,0,0,1,0,0,0,0,0,0,0,0,0,0,0
1995,"119",0,0,0,0,0,0,0,0,0,0,0,0,0,0,0,0,1,0,0
1996,"99",0,0,0,0,0,0,0,0,1,0,0,0,0,0,1,0,0,0,0
1975,"97",0,0,1,0,1,0,0,0,0,1,0,0,0,0,0,0,0,0,0
1996,"120",0,0,0,0,0,0,0,0,1,0,0,0,0,0,0,0,0,0,0
1991,"140",0,0,0,0,0,0,0,0,1,0,0,0,1,0,0,0,0,0,0
1996,"130",0,0,0,0,0,0,0,0,1,0,0,0,0,0,0,0,0,0,0
1996,"90",0,0,0,0,0,0,0,0,1,0,0,0,0,0,1,0,0,0,0
1997,"90",0,1,0,0,0,1,1,0,1,0,0,0,0,0,0,0,0,0,0
1995,"105",0,1,0,0,0,0,1,0,0,0,0,0,0,0,0,0,1,0,0
1994,"118",0,0,0,0,0,1,0,0,0,0,0,0,0,0,0,0,0,0,0
1993,"96",0,0,0,0,0,0,0,1,0,0,0,0,0,0,0,0,0,0,0
1996,"88",0,0,0,0,0,0,0,1,0,0,0,0,0,0,0,0,0,0,0
1996,"102",0,0,0,0,0,0,1,0,0,0,0,0,0,0,0,0,1,0,0
1996,"93",0,0,0,0,0,0,0,0,1,0,0,0,0,0,0,0,0,0,0
1994,"108",0,0,0,0,0,0,0,0,1,0,0,0,0,0,0,0,0,0,0
1993,"90",0,0,0,0,0,0,0,0,1,0,0,0,0,0,0,0,0,0,0
1995,"128",0,0,0,0,0,0,0,0,1,0,0,0,0,0,0,0,0,0,0
1994,"125",0,0,0,0,0,0,0,0,1,0,0,0,0,0,0,0,0,0,0
1971,"100",0,0,0,0,0,0,0,0,1,0,0,0,0,0,0,0,0,0,0
1996,"103",0,0,0,0,0,0,0,0,1,0,0,0,0,0,0,0,0,0,0
1996,"99",0,0,0,0,0,0,1,0,0,0,0,0,0,0,0,0,0,0,0
1996,"113",0,0,0,0,0,0,0,0,0,0,0,0,0,0,1,0,0,1,0
1994,"100",0,0,0,0,0,0,0,0,1,0,0,0,1,0,0,0,0,0,0
1965,"99",0,0,0,0,0,0,0,0,0,0,0,0,0,0,0,1,0,0,0
1995,"98",0,0,0,0,0,1,0,0,0,0,0,0,0,0,1,0,0,0,0
1995,"123",0,0,0,0,0,0,1,0,1,0,0,0,0,0,0,0,0,0,0
1997,"110",0,0,0,0,0,0,0,0,0,0,0,1,0,0,0,0,0,0,0
1995,"90",0,0,0,0,0,0,0,0,1,0,0,0,0,0,0,0,0,0,0
1979,"162",0,0,0,0,0,0,0,0,0,0,0,0,0,1,0,1,0,0,0
1997,"108",0,0,0,0,0,0,0,0,1,0,0,0,0,0,1,0,0,0,0
1995,"92",0,1,0,0,0,0,0,0,1,0,0,0,0,0,0,0,0,0,0
1996,"89",0,0,0,0,0,1,0,0,0,0,0,0,0,0,0,0,0,0,0
1996,"144",0,0,0,0,0,0,0,0,1,0,0,0,0,0,0,0,0,0,0
1997,"98",0,0,0,0,1,0,0,0,0,0,0,0,0,0,0,0,0,0,0
1996,"90",0,0,0,0,0,1,0,0,1,0,0,0,0,0,0,0,0,0,0
1993,"100",0,0,0,0,0,1,0,0,0,0,0,0,0,0,0,0,0,0,0
1994,"100",0,0,0,0,0,1,0,0,0,0,0,0,0,0,0,0,0,0,0
1993,"123",0,0,0,0,0,0,0,0,1,0,0,0,0,0,0,0,0,0,0
1994,"114",0,0,0,0,0,0,0,0,1,0,0,0,0,0,0,0,0,0,0
1994,"100",0,0,0,0,0,1,0,0,1,0,0,0,0,0,0,0,0,0,0
1994,"110",0,0,0,0,0,0,0,0,1,0,0,0,0,0,0,0,0,0,0
1939,"133",0,0,0,0,0,1,0,0,0,0,0,0,0,0,0,0,0,0,0
1997,"103",0,0,0,0,0,0,0,0,1,0,0,0,0,0,1,0,0,0,0
1996,"110",0,0,0,0,0,0,0,0,1,0,0,0,0,0,0,0,1,0,0
1997,"92",0,0,0,0,0,0,0,0,0,0,0,0,0,0,1,0,0,0,0
1997,"103",0,0,0,0,0,0,0,0,1,0,0,0,0,0,0,0,0,1,0
1996,"88",0,0,0,0,0,1,0,0,0,0,0,0,0,0,0,0,0,0,0
1995,"95",0,0,0,0,0,1,0,0,0,0,0,0,0,0,0,0,0,0,0
1995,"96",0,0,0,0,0,1,0,0,0,0,0,0,0,0,0,0,0,0,0
1994,"123",0,1,0,0,0,1,0,0,0,0,0,0,0,0,0,0,0,0,0
1994,"100",0,1,0,0,0,1,0,0,0,0,0,0,0,0,0,0,0,0,0
1994,"93",0,0,0,0,0,1,0,0,0,0,0,0,0,0,0,0,0,0,0
1994,"102",0,1,0,0,0,1,0,0,0,0,0,0,0,0,0,0,0,0,0
1994,"109",0,0,0,0,0,0,0,1,0,0,0,0,0,0,0,0,0,0,0
1994,"91",0,0,0,0,0,1,0,0,0,0,0,0,0,0,0,0,0,1,0
1994,"110",0,0,0,0,0,1,0,0,1,0,0,0,0,0,0,0,0,0,0
1975,"91",0,0,0,0,0,0,1,0,0,0,0,0,0,0,0,0,0,0,0
1990,"104",0,1,0,0,0,1,0,0,0,0,0,0,0,0,0,0,0,0,1
1997,"106",0,0,0,0,0,0,0,0,1,0,0,0,0,0,0,0,0,0,0
1997,"105",0,0,0,0,0,1,0,0,0,0,0,0,0,0,1,0,0,0,0
1998,"89",0,0,0,0,0,0,1,0,1,0,0,0,0,0,0,0,0,0,0
1992,"93",0,0,0,0,0,0,0,0,1,0,0,0,0,0,0,0,0,0,0
1994,"113",0,0,0,0,0,0,0,0,1,0,0,0,0,0,0,0,0,0,0
1994,"102",0,0,0,0,0,0,1,0,1,0,0,0,0,0,0,0,0,0,0
1993,"108",0,0,0,0,0,0,0,0,1,0,0,0,0,0,0,0,0,0,0
1992,"126",0,0,0,0,0,0,0,0,1,0,0,0,0,0,0,0,0,0,0
1996,"109",0,0,0,0,0,1,0,0,1,0,0,0,0,0,0,0,0,0,0
1960,"118",0,0,0,0,0,0,1,0,0,0,0,0,0,0,0,0,1,0,0
1994,"105",0,0,0,0,0,1,0,0,0,0,0,1,0,0,0,0,0,0,0
1950,"113",0,0,0,0,1,0,0,0,1,0,0,0,0,0,0,0,0,0,0
1996,"52",0,0,0,0,0,0,0,1,0,0,0,0,0,0,0,0,0,0,0
1994,"93",0,0,0,0,0,1,0,0,0,0,0,0,0,0,0,0,0,0,0
1935,"101",0,0,0,0,0,1,0,0,0,0,0,0,1,0,1,0,0,0,0
1942,"99",0,0,0,0,0,1,0,0,1,0,0,0,0,0,0,0,0,1,0
1996,"95",0,0,0,0,0,0,0,0,1,0,0,0,0,0,0,0,0,0,0
1993,"96",0,0,0,0,0,1,0,0,0,0,0,0,0,0,0,0,0,0,0
1995,"95",0,0,0,0,0,0,0,0,0,0,0,0,0,0,0,0,1,0,0
1995,"101",0,0,0,0,0,0,1,0,1,0,0,0,0,0,0,0,1,0,0
1994,"97",0,0,0,0,0,1,0,0,0,0,0,0,0,0,0,0,0,0,0
1995,"106",0,0,0,0,0,0,0,0,0,0,0,0,0,0,0,1,1,0,0
1994,"101",0,0,0,0,0,0,0,0,1,0,0,0,0,0,1,0,0,0,0
1993,"126",0,0,0,0,0,0,0,0,1,0,0,0,0,1,1,0,0,0,0
1993,"107",0,0,0,0,0,0,1,0,1,0,0,0,0,0,0,0,1,0,0
1976,"109",0,0,0,0,0,0,0,0,1,0,0,0,0,0,0,0,0,0,0
1996,"98",0,1,0,0,0,0,0,0,0,0,0,0,0,0,0,1,0,0,0
1996,"78",0,0,0,0,0,0,0,0,0,0,0,0,0,0,1,0,0,0,0
1995,"133",0,0,0,0,0,0,0,0,0,0,0,0,0,0,0,0,1,0,0
1995,"91",0,0,0,0,0,1,0,0,0,0,0,0,0,0,0,0,0,0,0
1995,"78",0,0,0,1,1,1,0,0,0,0,0,0,0,0,1,0,0,0,0
1995,"128",0,0,0,0,0,0,0,0,1,0,0,0,0,0,0,0,0,0,0
1994,"126",0,0,0,0,0,0,0,0,1,0,0,0,0,0,0,0,0,0,0
1993,"110",0,1,0,0,0,0,0,0,0,0,0,0,0,0,0,0,0,0,0
1993,"103",0,0,0,0,0,0,0,0,1,0,0,0,0,0,0,0,0,0,0
1994,"101",0,0,0,0,0,0,0,0,1,0,0,0,0,0,0,0,0,0,0
1995,"90",0,0,0,0,0,1,0,0,0,0,0,0,0,0,0,0,0,0,0
1996,"113",0,0,0,0,0,0,1,0,1,0,0,0,0,0,0,0,0,0,0
1995,"112",0,0,0,0,0,0,0,0,1,0,0,0,0,0,0,0,0,0,0
1995,"100",0,1,0,0,0,0,0,0,0,0,0,0,0,0,0,0,0,0,0
1996,"106",0,0,0,0,0,0,0,0,1,0,0,0,0,0,0,0,1,0,0
1994,"133",0,0,0,0,0,1,0,0,0,0,0,0,0,0,0,0,0,0,0
1990,"93",0,1,0,0,0,0,0,0,1,0,0,0,0,0,0,0,0,0,0
1991,"120",0,0,0,0,0,0,0,1,0,0,0,0,0,0,0,0,0,0,0
1996,"103",0,0,0,0,0,0,0,0,1,0,0,0,0,0,0,0,0,0,0
1997,"95",0,0,0,0,0,1,0,0,0,0,0,0,0,0,0,0,0,0,0
1995,"90",0,0,0,0,0,0,1,0,0,0,0,0,0,0,0,0,0,0,0
1995,"94",0,0,0,0,0,0,0,0,1,0,0,0,0,0,0,0,0,0,0
1996,"100",0,0,0,0,0,1,0,0,1,0,0,0,0,0,0,0,0,0,0
1996,"85",0,0,0,0,0,0,0,0,1,0,0,0,0,0,0,0,0,0,0
1995,"124",0,1,1,0,0,0,0,0,0,0,0,0,0,0,1,0,0,0,0
1995,"83",0,0,0,1,0,0,0,0,0,0,0,0,0,0,0,1,0,0,0
1996,"100",0,0,0,0,0,1,0,0,1,0,0,0,0,0,0,0,0,0,0
1991,"95",0,0,0,0,0,1,0,0,0,0,0,0,0,0,0,0,0,0,0
1997,"97",0,0,0,0,0,0,0,0,0,0,0,1,0,0,0,0,0,0,0
1997,"117",0,1,0,0,0,0,0,0,0,0,0,0,0,0,0,0,0,0,0
1997,"91",0,0,0,0,0,0,1,0,0,0,0,0,0,0,0,0,0,0,0
1995,"90",0,0,0,0,0,1,0,0,0,0,0,0,0,0,0,0,0,0,0
1994,"99",0,0,0,0,0,0,0,0,0,0,0,0,0,0,0,0,0,0,1
1993,"106",0,0,0,0,0,0,0,0,0,0,0,0,0,0,0,0,1,0,0
1993,"96",0,0,0,0,0,1,0,0,0,0,0,0,0,0,0,0,0,0,0
1995,"90",0,1,0,0,0,0,0,0,0,0,0,0,0,0,0,0,0,0,0
1996,"100",0,0,0,0,0,1,0,0,0,0,0,0,0,0,0,0,0,0,0
1963,"103",0,0,0,0,0,0,0,0,1,0,0,0,0,0,0,0,0,0,0
1995,"99",0,0,0,0,0,0,0,0,0,0,0,0,0,0,0,0,1,0,0
1997,"94",0,0,0,0,0,1,0,0,0,0,0,0,0,0,0,0,0,0,0
1996,"92",0,0,0,0,0,0,0,0,1,0,0,0,0,0,0,0,0,0,0
1997,"94",0,0,0,0,0,0,0,0,1,0,0,0,0,0,0,0,0,0,0
1997,"98",0,0,0,0,0,1,0,0,0,0,0,0,0,0,1,0,0,0,0
1995,"95",0,0,0,0,0,1,0,0,0,0,0,0,0,0,1,0,0,0,0
1995,"111",0,0,0,0,0,0,0,0,1,0,0,0,0,0,0,0,0,0,0
1995,"109",0,0,0,0,0,0,0,0,1,0,0,0,0,0,0,0,0,0,0
1996,"86",0,0,0,0,0,0,0,0,0,0,0,0,0,0,1,0,0,0,0
1996,"102",0,0,0,0,0,0,0,0,1,0,0,0,0,0,0,0,0,0,0
1994,"83",0,0,0,0,0,0,0,0,1,0,0,0,0,0,0,0,0,0,0
1997,"86",0,0,0,0,0,0,0,0,1,0,0,0,0,0,0,0,0,0,0
1974,"100",0,0,0,0,0,0,0,0,1,0,0,0,0,0,0,0,0,0,0
1995,"128",0,0,0,0,0,0,0,0,1,0,0,0,0,0,0,0,0,0,0
1992,"139",0,0,0,0,0,0,0,0,1,0,0,0,0,0,0,0,0,0,0
1957,"130",0,0,0,0,0,1,0,0,0,0,0,0,0,0,1,0,0,0,0
1993,"91",0,0,0,0,0,1,0,0,0,0,0,0,0,0,0,0,0,0,0
1994,"87",0,0,0,0,0,1,0,0,0,0,0,0,0,0,0,0,0,0,0
1994,"87",0,0,0,0,0,1,0,0,1,0,0,0,0,0,0,0,0,0,0
1994,"121",0,0,0,0,0,0,0,0,1,0,0,0,0,0,0,0,1,0,0
1993,"104",0,0,0,0,0,0,0,0,0,0,0,0,0,0,0,1,1,0,0
1994,"95",0,0,0,0,0,0,0,0,0,0,0,0,0,0,0,0,1,0,0
1996,"99",0,0,0,0,0,0,0,0,1,0,0,0,0,0,0,0,0,0,0
1996,"123",0,1,0,0,0,0,1,0,0,0,0,0,0,0,0,0,0,0,0
1997,"127",0,0,0,0,0,0,0,0,1,0,0,0,1,0,0,0,0,0,0
1997,"106",0,0,1,0,1,0,0,0,0,0,0,0,0,0,0,0,0,0,0
1997,"116",0,0,0,0,0,0,1,0,0,0,0,0,0,0,0,0,0,0,0
1996,"88",0,0,0,0,0,0,0,0,1,0,0,0,0,0,0,0,0,0,0
1995,"107",0,0,0,0,0,0,0,0,1,0,0,0,0,0,0,0,0,0,0
1997,"106",0,0,0,0,0,1,0,0,0,0,0,0,0,0,0,0,0,0,0
1996,"108",0,0,0,0,0,0,0,0,1,0,0,0,0,1,0,0,0,0,0
1994,"97",0,0,0,0,0,0,0,0,1,0,0,0,0,0,0,0,0,0,0
1937,"109",0,0,0,0,0,1,0,0,0,0,0,0,1,0,1,0,0,0,0
1996,"94",0,0,0,0,0,1,0,0,0,0,0,0,0,0,0,0,0,0,0
1995,"80",0,0,0,0,0,1,0,0,0,0,0,0,0,0,0,0,0,0,0
1995,"110",0,0,0,0,0,0,0,0,0,0,0,0,0,0,1,0,0,0,0
1994,"118",0,0,0,0,0,0,0,0,1,0,0,0,0,0,1,0,0,0,0
1996,"91",0,0,0,0,0,1,0,0,0,0,0,0,0,0,0,0,0,0,0
1997,"89",0,0,0,0,1,0,0,0,0,1,0,0,0,0,0,0,0,0,0
1997,"101",0,0,1,0,1,0,0,0,0,1,0,0,0,0,0,1,0,0,0
1996,"145",0,0,0,0,0,0,0,1,0,0,0,0,0,0,0,0,0,0,0
1997,"87",0,0,0,0,0,1,0,0,1,0,0,0,0,0,0,0,0,0,0
1996,"98",0,0,0,0,0,1,0,0,1,0,0,0,0,0,0,0,0,0,0
1994,"108",0,0,0,0,0,0,0,0,1,0,0,0,0,0,1,0,0,0,0
1953,"112",0,0,0,0,0,1,0,0,0,0,0,0,1,0,0,0,0,0,0
1941,"119",0,0,0,0,0,0,0,0,1,0,0,0,0,0,1,0,0,0,0
1997,"113",0,0,0,0,0,0,0,0,1,0,0,0,0,0,1,0,0,0,0
1981,"106",0,0,0,0,0,1,0,0,0,0,0,0,0,0,0,0,0,0,0
1996,"107",0,0,0,0,0,1,0,0,0,0,0,0,0,0,0,0,0,0,0
1994,"115",0,1,0,0,0,0,0,0,0,0,0,0,0,0,0,0,0,0,0
1993,"93",0,1,0,0,0,0,1,0,0,0,0,0,0,0,0,0,0,0,0
1995,"91",0,0,0,0,0,1,0,0,0,0,0,0,0,0,0,0,0,0,0
1995,"102",0,0,0,0,0,0,0,0,1,0,0,0,0,0,0,0,0,0,0
1995,"91",0,0,0,0,0,0,0,1,0,0,0,0,0,0,0,0,0,0,0
1994,"109",0,0,0,0,0,1,0,0,1,0,0,0,0,0,0,0,0,0,0
1974,"80",0,0,0,0,0,0,0,0,1,0,0,0,0,0,0,0,0,0,0
1945,"117",0,0,0,0,0,0,0,0,1,0,0,0,0,0,0,0,0,0,0
1995,"124",0,0,0,0,0,1,0,0,1,0,0,0,0,0,0,0,0,0,0
1995,"99",0,0,0,0,0,1,0,0,1,0,0,0,0,0,0,0,0,0,0
1998,"114",0,0,0,0,0,0,0,0,0,0,1,0,0,1,0,0,1,0,0
1994,"96",0,1,1,0,0,0,0,0,0,0,0,0,0,0,0,0,1,0,0
1997,"110",0,0,0,0,0,0,0,0,1,0,0,0,0,0,1,0,0,0,0
1998,"169",0,0,0,0,0,0,0,0,1,0,0,0,0,0,0,0,0,0,0
1995,"91",0,0,0,0,0,0,0,0,1,0,0,0,0,0,0,0,0,0,0
1995,"95",0,0,0,0,0,0,0,1,0,0,0,0,0,0,0,0,0,0,0
1995,"91",0,0,0,0,0,0,0,0,1,0,0,0,0,0,0,0,0,0,0
1995,"97",0,0,0,0,0,0,0,0,1,0,0,0,0,0,0,0,0,0,0
1995,"97",0,0,0,0,0,1,0,0,0,0,0,0,0,0,0,0,0,0,0
1993,"94",0,0,0,0,0,1,0,0,0,0,0,0,0,0,0,0,0,0,0
1994,"113",0,0,0,0,0,0,0,0,1,0,0,0,0,0,0,0,0,0,0
1994,"108",0,0,0,0,0,0,0,0,1,0,0,0,0,0,0,0,1,0,0
1996,"94",0,0,0,0,0,0,0,0,1,0,0,0,0,0,0,0,0,0,0
1996,"86",0,0,0,0,0,0,0,0,1,0,0,0,0,0,0,0,0,0,0
1994,"100",0,0,0,0,0,0,0,0,1,0,0,0,0,0,0,0,0,0,0
1994,"105",0,0,0,0,0,0,0,0,1,0,0,0,0,0,0,0,0,0,0
1995,"96",0,0,0,0,0,0,0,0,1,0,0,0,0,0,0,0,0,0,0
1994,"82",0,0,0,0,0,0,0,0,1,0,0,0,0,0,0,0,0,0,0
1994,"85",0,0,0,0,0,0,0,1,0,0,0,0,0,0,0,0,0,0,0
1993,"90",0,0,0,0,0,0,0,0,1,0,0,0,0,0,0,0,0,0,0
1994,"100",0,0,0,0,0,1,0,0,1,0,0,0,0,0,0,0,0,0,0
1994,"102",0,0,0,0,0,0,0,0,1,0,0,0,0,0,0,0,0,0,0
1996,"88",0,0,0,0,0,0,0,0,1,0,0,0,0,0,0,0,0,0,0
1996,"93",0,0,0,0,1,1,0,0,0,1,0,0,0,0,0,0,0,0,0
1996,"93",0,0,0,0,0,1,0,0,0,0,0,0,0,0,0,0,0,0,0
1995,"102",0,0,0,0,0,0,0,0,1,0,0,0,0,0,0,0,0,0,0
1993,"92",0,0,0,0,0,1,0,0,1,0,0,0,0,0,0,0,0,0,0
1993,"81",0,0,0,0,0,0,0,0,0,0,0,0,0,0,1,0,0,0,0
1992,"123",0,0,0,0,0,0,0,0,1,0,0,0,0,0,0,0,0,0,0
1995,"91",0,0,0,0,0,0,0,0,1,0,0,0,0,0,0,0,0,0,0
1995,"87",0,0,0,0,0,0,0,0,1,0,0,0,0,0,0,0,0,0,0
1993,"90",0,0,0,0,0,0,0,0,1,0,0,0,0,0,0,0,0,0,0
1994,"99",0,0,0,0,0,0,0,0,1,0,0,0,0,0,0,0,0,0,0
1991,"109",0,0,0,0,0,0,0,0,1,0,0,0,0,0,0,0,0,0,0
1958,"98",0,0,0,0,0,0,0,0,1,0,0,0,0,0,0,0,0,0,0
1990,"104",0,0,0,0,0,0,0,0,1,0,0,0,0,0,0,0,0,0,0
1993,"87",0,0,0,0,0,1,0,0,0,0,0,0,0,0,0,0,0,0,0
1949,"113",0,0,0,0,0,0,0,0,1,0,0,0,0,0,0,0,0,0,0
1995,"82",0,0,0,0,0,1,0,0,0,0,0,0,0,0,0,0,0,0,0
1976,"101",0,0,0,0,0,0,0,0,1,0,0,0,0,0,0,0,0,0,0
1994,"87",0,0,0,0,0,0,0,0,0,0,0,0,0,0,1,0,0,0,0
1992,"108",0,0,0,0,0,0,0,0,1,0,0,0,0,0,0,0,0,0,0
1996,"119",0,0,0,0,0,0,0,0,1,0,0,0,0,0,0,0,0,0,0
1996,"88",0,0,0,0,0,1,0,0,0,0,0,0,0,0,0,0,0,0,0
1993,"120",0,0,0,0,0,0,0,0,0,0,0,0,0,0,1,0,0,1,0
1976,"75",0,1,0,0,0,0,0,0,0,0,0,0,0,0,0,0,0,0,0
1996,"106.972842486421",0,0,0,0,0,0,0,0,1,0,0,0,0,0,0,0,0,0,0
1994,"85",0,0,0,0,0,1,0,0,0,0,0,0,0,0,0,0,0,0,0
1994,"84",0,0,0,0,0,1,0,0,0,0,0,0,0,0,0,0,0,0,0
1996,"97",0,1,0,0,0,0,0,0,0,0,0,0,0,0,0,0,0,0,0
1996,"87",0,0,0,0,0,0,0,1,0,0,0,0,0,0,0,0,0,0,0
1995,"105",0,1,0,0,0,0,0,0,0,0,0,0,0,0,0,0,0,0,0
1993,"90",0,1,0,0,0,0,0,0,1,0,0,0,0,0,0,0,0,0,0
1994,"62",0,0,0,0,0,0,0,1,1,0,0,0,0,0,0,0,0,0,0
1994,"97",0,0,0,1,0,0,0,0,0,0,0,0,0,0,0,0,0,0,0
1994,"128",0,0,0,0,0,0,0,0,1,0,0,0,0,0,0,0,0,0,0
1951,"99",0,0,0,0,0,0,0,0,1,0,0,0,0,0,0,0,0,0,0
1994,"110",0,0,0,0,0,0,0,0,1,0,0,0,0,0,0,0,1,0,0
1994,"96",0,0,0,0,0,1,0,0,0,0,0,1,0,0,0,0,0,0,0
1994,"106.972842486421",0,1,0,0,0,0,0,0,0,0,0,0,0,0,0,0,0,0,0
1971,"12",1,0,0,0,0,0,0,0,0,0,0,0,0,0,0,0,0,0,0
1980,"103",0,0,0,0,0,1,0,0,0,0,0,0,0,0,0,0,0,0,0
1993,"105",0,0,0,0,0,0,0,0,1,0,0,0,0,0,0,0,0,0,0
1997,"105",0,0,0,0,0,1,0,0,0,0,0,0,0,0,0,0,0,0,0
1996,"95",0,0,0,0,0,1,0,0,0,0,0,0,0,0,1,0,0,0,0
1997,"90",0,0,0,0,0,0,0,1,0,0,0,0,0,0,0,0,0,0,0
1996,"76",0,0,0,0,0,0,0,0,0,0,0,0,0,0,1,0,0,0,0
1996,"104",0,0,0,0,0,0,0,0,1,0,0,0,0,0,0,0,0,0,0
1996,"93",0,0,0,0,0,0,0,0,1,0,0,0,0,0,0,0,0,0,0
1965,"80",0,0,0,0,0,0,0,0,1,0,0,0,0,0,0,0,0,0,0
1997,"88",0,0,1,0,1,0,0,0,0,0,0,0,0,0,0,0,0,0,0
1997,"102",0,0,0,0,0,0,0,0,1,0,0,0,0,0,0,0,0,0,0
1997,"98",0,0,0,0,0,1,0,0,0,0,0,0,0,0,1,0,0,0,0
1992,"83",0,0,0,0,0,0,0,0,0,0,0,0,0,0,0,1,0,0,0
1997,"93",0,0,0,0,0,0,0,0,0,0,0,0,0,0,1,0,0,0,0
1996,"75",0,0,0,0,0,0,0,0,1,0,0,0,0,0,0,0,0,0,0
1995,"80",0,0,0,0,0,0,0,0,1,0,0,0,0,0,0,0,0,0,0
1995,"110",0,0,0,0,0,0,1,0,0,0,0,0,0,0,0,0,0,0,0
1996,"84",0,0,0,0,0,0,0,0,1,0,0,0,0,0,0,0,0,0,0
1997,"124",0,0,0,0,0,0,0,0,1,0,0,0,0,0,0,0,0,0,0
1997,"91",0,1,0,0,0,0,0,0,0,0,0,0,0,0,0,0,1,0,0
1997,"115",0,0,0,0,0,0,0,0,0,0,0,0,0,0,1,0,0,0,0
1997,"86",0,0,0,0,0,0,0,0,1,0,0,0,0,0,0,0,0,0,0
1995,"99",0,0,0,0,0,0,0,0,1,0,0,0,0,0,0,0,0,0,0
1934,"83",0,0,0,0,0,0,0,0,1,0,0,0,0,0,0,0,0,0,0
1996,"120",0,0,0,0,0,0,0,0,1,0,0,0,0,0,0,0,0,0,0
1997,"94",0,0,0,0,0,0,0,0,0,0,0,0,0,0,0,0,1,0,0
1994,"94",0,0,0,0,0,0,0,0,1,0,0,0,0,0,1,0,0,0,0
1993,"101",0,0,0,0,0,0,0,0,1,0,0,0,0,0,0,0,0,0,0
1992,"100",0,0,0,0,0,0,0,0,1,0,0,0,0,0,0,0,0,0,0
1993,"100",0,0,0,0,0,1,0,0,1,0,0,0,0,0,0,0,0,0,0
1987,"107",0,0,0,0,0,1,0,0,0,0,0,0,0,0,0,0,0,0,0
1997,"74",0,0,0,0,0,0,0,0,1,0,0,0,0,0,0,0,0,0,0
1995,"94",0,0,0,0,0,0,0,0,1,0,0,0,0,0,1,0,0,0,0
1994,"110",0,1,0,0,0,0,0,0,0,0,0,0,0,0,0,0,0,0,0
1994,"90",0,0,0,0,0,1,0,0,0,0,0,0,0,0,0,0,0,0,0
1994,"93",0,0,0,1,1,0,0,0,0,0,0,0,0,0,0,0,0,0,0
1993,"105",0,0,0,0,0,0,0,0,1,0,0,0,0,0,0,0,0,0,0
1968,"98",0,0,1,0,0,0,0,0,0,0,0,0,0,0,0,1,0,0,0
1995,"71",0,0,0,1,1,0,0,0,0,0,0,0,0,0,0,0,0,0,0
1994,"102",0,1,0,0,0,0,0,0,0,0,0,0,0,0,0,0,0,0,0
1995,"92",0,1,0,0,0,0,0,0,0,0,0,0,0,0,0,0,0,0,0
1994,"107",0,1,0,0,1,0,0,0,0,0,0,0,0,0,0,0,0,0,0
1994,"118",0,1,0,0,0,0,0,0,0,0,0,0,0,0,0,1,0,0,0
1992,"91",0,0,0,0,0,0,0,0,1,0,0,0,0,0,0,0,0,0,0
1993,"139",0,0,0,0,0,0,0,0,1,0,0,0,0,0,0,0,0,0,0
1994,"99",0,1,0,0,0,0,0,0,0,0,0,0,0,0,0,1,0,0,0
1999,"85",0,0,0,0,0,1,0,0,0,0,0,0,0,0,0,0,0,0,0
1993,"92",0,0,0,0,0,0,0,0,1,0,0,0,0,0,0,0,0,0,0
1993,"96",0,0,0,0,0,0,0,0,0,0,1,0,0,0,0,0,1,0,0
1995,"88",0,0,0,0,0,0,0,0,1,0,0,0,0,0,0,0,0,1,0
1994,"104",0,0,0,0,0,1,0,0,1,0,0,0,0,0,1,0,0,0,0
1994,"115",0,0,0,0,0,1,0,0,1,0,0,0,0,0,0,0,0,0,0
1996,"116",0,0,0,0,0,1,0,0,1,0,0,0,0,0,0,0,0,0,0
1995,"90",0,0,0,0,0,0,0,0,1,0,0,0,0,0,0,0,0,0,0
1996,"121",0,0,0,0,0,1,0,0,0,0,0,0,0,0,0,0,0,0,0
1998,"99",0,0,0,0,0,0,0,0,1,0,0,0,0,0,1,0,0,0,0
1997,"101",0,0,0,0,0,0,0,0,1,0,0,0,0,0,0,0,0,0,0
1997,"93",0,0,0,0,0,0,0,0,0,0,0,0,0,0,0,0,1,0,0
1998,"100",0,0,0,0,0,0,0,0,1,0,0,0,0,0,0,0,0,0,0
1998,"80",0,1,0,0,0,0,0,0,1,0,0,0,0,0,0,0,0,0,0
1997,"109",0,0,0,0,0,0,0,0,0,0,0,0,0,0,1,0,0,0,0
1995,"135",0,0,0,0,0,1,0,0,0,0,0,0,0,0,0,0,0,0,0
1993,"114",0,0,0,0,0,0,0,0,1,0,0,0,0,0,1,0,0,0,0
1994,"100",0,0,0,0,0,1,0,0,0,0,0,0,0,0,0,0,0,0,0
1995,"124",0,0,0,0,0,0,0,0,1,0,0,0,0,0,0,0,0,0,0
1994,"119",0,0,0,0,0,0,1,0,1,0,0,0,0,0,0,0,0,0,0
1994,"96",0,0,0,0,0,0,0,0,1,0,0,0,0,0,0,0,0,0,0
1995,"105",0,0,0,0,0,0,0,0,1,0,0,0,0,0,1,0,0,0,0
1995,"135",0,0,0,0,0,0,0,0,1,0,0,0,0,0,0,0,0,0,0
1994,"105",0,0,0,0,0,0,0,0,1,0,0,0,0,0,0,0,0,0,0
1965,"116",0,0,0,0,1,1,0,0,0,0,0,0,0,1,0,0,0,0,0
1994,"101",0,0,0,0,0,0,0,0,1,0,0,0,0,0,0,0,0,0,0
1995,"106",0,0,0,0,0,1,0,0,0,0,0,0,0,0,0,0,0,0,0
1993,"112",0,0,0,0,0,0,0,0,1,0,0,0,0,0,0,0,0,0,0
1993,"127",0,0,0,0,0,0,0,0,1,0,0,0,0,0,0,0,0,0,0
1955,"125",0,0,0,0,0,0,0,0,1,0,0,0,0,0,0,0,0,0,0
1947,"95",0,0,1,0,0,0,0,0,0,0,0,0,0,0,1,0,0,0,0
1940,"120",0,0,0,0,0,0,0,0,0,0,0,0,0,0,0,0,1,0,0
1943,"91",0,0,0,0,0,1,0,0,0,0,0,0,0,1,0,0,0,0,0
1946,"100",0,0,0,0,0,0,1,0,1,0,0,0,0,0,0,0,0,0,0
1947,"100",0,0,0,0,0,0,0,0,0,0,0,0,0,0,0,0,0,0,1
1943,"116",0,0,0,0,0,0,0,0,0,0,0,0,0,0,0,0,0,0,1
1953,"89",0,0,0,0,0,1,0,0,1,0,0,0,0,0,0,0,0,0,0
1996,"105",0,0,0,0,0,1,0,0,1,0,0,0,0,0,0,0,0,0,0
1937,"101",0,0,0,0,0,1,0,0,0,0,0,0,1,0,1,0,0,0,0
1995,"135",0,0,0,0,0,0,0,0,0,0,0,0,1,0,0,0,0,0,0
1995,"88",0,0,0,0,0,1,0,0,1,0,0,0,0,0,0,0,0,0,0
1935,"65",0,0,0,0,0,1,0,0,0,0,0,0,0,0,0,0,0,0,0
1996,"117",0,0,0,0,0,0,1,0,1,0,0,0,0,0,1,0,0,0,0
1997,"107",0,0,0,0,0,1,0,0,0,0,0,0,0,0,0,0,0,0,0
1995,"109",0,0,0,0,0,0,0,0,1,0,0,0,0,0,0,0,0,0,0
1995,"108",0,0,0,0,0,1,0,0,1,0,0,0,0,0,0,0,0,0,0
1995,"114",0,0,0,0,0,0,0,0,1,0,0,0,0,0,0,0,0,0,0
1993,"103",0,0,0,0,0,0,0,0,1,0,0,0,0,0,0,0,0,0,0
1995,"97",0,0,0,0,0,0,0,0,1,0,0,0,0,0,0,0,0,0,0
1995,"97",0,0,1,0,1,0,0,0,0,0,0,0,0,0,0,0,0,0,0
1995,"90",0,0,0,1,1,0,0,0,0,0,0,0,0,0,0,0,0,0,0
1995,"106",0,0,0,0,0,0,0,0,0,0,0,0,0,0,0,0,1,0,0
1993,"107",0,0,0,0,0,1,0,0,0,0,0,0,0,0,0,1,0,0,0
1939,"93",0,0,0,0,1,0,0,0,1,0,0,0,0,0,0,0,0,0,0
1994,"98",0,0,0,0,0,1,0,0,0,0,0,0,0,0,1,0,0,0,0
1993,"101",0,0,0,0,0,1,0,0,1,0,0,0,0,0,0,0,0,0,0
1948,"79",0,0,0,0,0,0,0,0,0,0,1,0,0,0,0,0,0,0,0
1997,"101",0,0,0,0,0,0,0,0,0,0,0,1,0,0,0,0,1,0,0
1995,"119",0,1,0,0,0,0,1,0,1,0,0,0,0,0,0,0,0,0,0
1995,"91",0,0,0,0,0,1,0,0,0,0,0,0,0,0,0,0,0,0,0
1974,"88",0,0,1,0,1,1,0,0,0,0,0,0,0,0,0,0,0,0,0
1994,"96",0,0,0,0,0,0,0,0,1,0,0,0,0,0,0,0,0,0,0
1995,"180",0,0,0,0,0,0,0,1,0,0,0,0,0,0,0,0,0,0,0
1998,"132",0,1,0,0,0,0,0,0,1,0,0,0,0,0,1,0,0,0,0
1995,"82",0,1,0,0,0,1,0,0,0,0,0,0,0,0,0,0,0,0,0
1994,"110",0,0,0,0,0,0,0,0,1,0,0,0,0,0,1,0,0,1,0
1995,"89",0,0,0,0,0,0,0,0,1,0,0,0,0,0,0,0,0,0,0
1993,"106",0,0,0,0,0,1,0,0,0,0,0,0,0,0,1,0,0,0,0
1993,"160",0,0,0,0,0,0,0,0,1,0,0,0,0,0,0,0,0,0,0
1994,"102",0,0,0,0,0,1,0,0,0,0,0,0,0,0,0,0,0,0,0
1993,"82",0,0,0,0,0,1,0,0,0,0,0,0,0,0,0,0,0,0,0
1995,"92",0,1,0,0,0,0,0,0,1,0,0,0,0,0,0,0,1,0,0
1993,"115",0,0,0,0,0,1,0,0,0,0,0,0,0,0,0,0,0,0,0
1995,"90",0,0,0,0,0,0,0,0,0,0,0,0,0,0,1,0,0,0,0
1994,"112",0,0,0,0,0,1,0,0,0,0,0,0,0,0,0,0,0,0,0
1995,"85",0,0,0,0,0,0,0,0,1,0,0,0,0,0,0,0,0,0,0
1996,"89",0,0,0,0,0,1,1,0,0,0,0,0,0,0,0,0,0,0,0
1996,"86",0,0,0,0,0,0,0,1,0,0,0,0,0,0,0,0,0,0,0
1997,"97",0,0,0,0,0,1,0,0,0,0,0,0,0,0,0,0,0,0,0
1994,"92",0,0,0,0,0,1,0,0,0,0,0,0,0,0,0,0,0,0,0
1996,"97",0,0,0,0,0,1,0,0,0,0,0,0,0,0,0,0,0,0,0
1996,"99",0,0,0,0,0,0,0,0,0,0,0,0,0,0,0,0,0,1,0
1993,"95",0,0,0,0,0,1,0,0,0,0,0,0,0,0,1,0,0,0,0
1995,"94",0,0,1,0,1,0,0,0,0,0,0,0,0,0,0,0,0,0,0
1995,"91",0,0,0,0,0,0,1,0,1,0,0,0,0,0,0,0,0,0,0
1995,"106",0,0,0,0,0,0,0,0,1,0,0,0,0,0,0,0,0,0,0
1996,"123",0,0,0,0,0,1,0,0,0,0,0,0,0,0,0,0,0,0,0
1995,"90",0,0,0,0,0,0,0,0,1,0,0,0,0,0,0,0,1,0,0
1994,"109",0,0,0,0,0,1,0,0,0,0,0,0,0,0,0,0,0,0,0
1996,"93",0,0,0,0,0,0,1,0,0,0,0,0,0,0,0,0,0,0,0
1996,"101",0,0,0,0,0,1,0,0,0,0,0,0,0,0,0,0,0,0,0
1959,"105",0,0,0,0,0,0,0,0,1,0,0,0,0,0,0,0,0,0,0
1997,"105",0,0,0,0,0,1,0,0,0,0,0,0,0,0,0,0,0,0,0
1997,"97",0,0,0,0,0,0,0,0,1,0,0,0,0,0,0,0,0,0,0
1995,"50",0,0,1,0,0,0,0,0,0,0,0,0,0,0,1,0,0,0,0
1993,"90",0,0,0,0,0,0,0,0,1,0,0,0,0,0,0,0,0,0,0
1996,"100",0,0,0,0,0,0,0,0,1,0,0,0,0,0,0,0,0,0,0
1995,"111",0,0,0,0,0,0,0,0,1,0,0,0,0,0,0,0,0,0,0
1995,"98",0,0,0,0,0,0,1,0,1,0,0,0,0,0,0,0,0,0,0
1995,"102",0,0,0,0,0,0,0,0,0,0,0,1,0,0,0,0,0,0,0
1993,"98",0,0,0,0,0,1,0,0,0,0,0,0,0,0,1,0,0,0,0
1994,"107",0,0,0,0,0,0,0,0,0,0,0,0,0,0,0,0,1,0,0
1994,"94",0,1,1,0,0,0,0,0,0,0,0,0,0,0,0,0,0,0,0
1993,"139",0,0,0,0,0,0,0,0,1,0,0,0,0,0,0,0,0,0,0
1998,"111",0,0,0,0,0,1,0,0,0,0,0,0,0,0,1,0,0,0,0
1985,"112",0,0,0,0,0,0,0,0,1,0,0,0,0,0,1,0,1,0,0
1998,"93",0,0,0,0,0,1,0,0,0,0,0,0,0,0,0,0,0,0,0
1997,"82",0,0,0,0,0,0,0,0,1,0,0,0,0,0,0,0,0,0,0
1995,"170",0,0,0,0,0,0,0,0,0,0,0,0,0,0,0,0,0,1,0
1995,"139",0,0,0,0,0,0,0,0,1,0,0,0,0,0,0,0,0,0,0
1995,"81",0,0,1,0,1,0,0,0,0,0,0,0,0,0,0,0,0,0,0
1994,"90",0,0,0,0,0,0,0,0,1,0,0,0,0,0,0,0,0,0,0
1993,"106",0,0,0,0,0,0,0,0,1,0,0,0,0,0,0,0,0,0,0
1997,"99",0,0,0,0,0,1,1,0,0,0,0,0,0,0,0,0,0,0,0
1994,"102",0,0,0,0,0,0,0,0,1,0,0,0,0,0,0,0,0,0,0
1994,"118",0,0,0,0,0,0,0,0,1,0,0,0,0,0,0,0,0,0,0
1996,"100",0,0,0,0,0,1,0,0,0,0,0,0,0,0,0,0,0,0,0
1997,"86",0,0,0,0,0,0,0,0,1,0,0,0,0,0,0,0,0,0,0
1994,"122",0,0,0,0,0,0,0,0,1,0,0,0,0,0,0,0,0,0,0
1995,"84",0,0,1,0,1,0,0,0,0,0,0,0,0,0,0,0,0,0,0
1994,"99",0,0,0,0,0,0,0,0,1,0,0,0,0,0,0,0,0,0,0
1926,"115",0,0,0,0,0,0,0,0,1,0,0,0,0,0,0,0,0,0,0
1996,"96",0,0,0,0,0,0,0,0,1,0,0,0,0,0,0,0,0,0,0
1995,"101",0,0,0,0,0,1,0,0,0,0,0,0,0,0,0,0,0,0,0
1995,"101",0,0,0,0,0,0,0,0,1,0,0,0,0,0,1,0,0,0,0
1988,"97",0,0,0,0,0,0,0,0,1,0,0,0,0,0,0,0,0,0,0
1995,"93",0,0,0,0,0,0,0,1,0,0,0,0,0,0,0,0,0,0,0
1995,"103",0,1,0,0,0,0,0,0,0,0,0,0,0,0,0,0,1,0,0
1995,"94",0,0,0,0,0,0,0,0,0,0,0,0,0,0,0,0,1,0,0
1995,"102",0,0,0,0,0,1,0,0,0,0,0,0,0,0,0,0,0,0,0
1994,"109",0,0,0,0,0,0,0,0,1,0,0,0,0,0,0,0,0,0,0
1995,"111",0,1,0,0,0,0,0,0,0,0,0,0,0,0,0,0,0,0,0
1995,"99",0,0,0,0,0,0,0,0,0,0,0,0,0,1,0,0,1,0,0
1994,"98",0,0,0,0,0,0,0,0,1,0,0,0,0,0,0,0,0,0,0
1993,"60",0,0,1,0,1,0,0,0,0,0,0,0,0,0,0,0,0,0,0
1995,"83",0,1,0,0,0,0,0,0,1,0,0,0,0,0,0,0,1,0,0
1993,"100",0,0,0,0,0,1,0,0,1,0,0,0,0,0,0,0,0,0,0
1956,"110",0,0,0,0,0,0,0,0,1,0,0,0,0,0,0,0,0,0,0
1995,"90",0,1,0,0,0,0,0,0,1,0,0,0,0,0,0,0,1,0,0
1981,"128",0,0,0,0,0,0,1,0,0,0,0,0,0,0,0,0,0,0,0
1994,"75",0,0,0,0,0,0,0,1,1,0,0,0,0,0,0,0,0,0,0
1993,"110",0,0,0,0,0,0,0,1,0,0,0,0,0,0,0,0,0,0,0
1993,"106.972842486421",0,0,0,0,0,0,0,0,0,0,0,0,0,0,1,0,0,0,0
1991,"106.972842486421",0,0,0,0,0,0,0,0,1,0,0,0,0,0,0,0,0,0,0
1992,"138",0,0,0,0,0,0,0,0,1,0,0,0,0,0,0,0,0,0,0
1943,"103",0,0,0,0,0,0,0,0,1,0,0,0,0,0,0,0,0,0,0
1992,"100",0,0,0,0,0,1,0,0,0,0,0,0,0,0,0,0,0,0,0
1992,"88",0,0,0,0,0,1,0,0,0,0,0,0,0,0,1,0,0,0,0
1987,"80",0,0,0,0,0,1,0,0,1,0,0,0,0,0,0,0,0,0,0
1992,"80",0,0,0,0,0,1,0,0,0,0,0,0,0,0,0,0,0,0,0
1973,"85",0,0,0,0,0,0,0,0,1,0,0,0,0,0,0,0,0,0,0
1982,"75",0,0,0,0,0,0,0,0,1,0,0,0,0,0,0,0,0,0,0
1968,"121",0,0,0,0,0,0,0,0,0,0,0,1,0,0,0,0,0,0,0
1995,"90",0,0,0,0,0,0,0,0,0,0,0,0,0,0,0,0,0,1,0
1990,"105",0,0,0,0,0,0,0,0,1,0,0,0,0,0,0,0,0,0,0
1987,"97",0,0,0,0,0,0,0,0,0,1,0,0,0,0,0,0,0,0,0
1956,"104",0,0,0,0,0,0,0,0,1,0,0,0,0,0,0,0,0,0,0
1967,"86",0,0,0,0,0,0,0,0,1,0,0,0,0,0,0,0,0,0,0
1988,"90",0,0,0,0,0,0,0,0,0,0,0,0,0,0,0,0,1,0,0
1933,"88",0,0,0,0,0,0,0,0,0,0,0,0,0,0,1,0,0,0,0
1950,"88",0,0,0,0,0,0,0,0,0,0,0,0,0,1,0,0,0,0,0
1947,"92",0,0,0,0,0,0,0,0,0,0,1,0,0,0,0,0,0,0,0
1986,"92",0,0,0,0,0,0,0,0,1,0,0,0,0,0,0,0,0,0,0
1946,"110",0,0,0,0,0,0,0,0,1,0,0,0,0,0,0,0,0,0,0
1990,"98",0,0,0,0,0,0,0,1,0,0,0,0,0,0,0,0,0,0,0
1992,"128",0,1,0,0,0,0,1,0,1,0,0,0,0,0,0,0,0,0,0
1958,"80",0,0,0,0,0,0,0,0,0,0,0,0,0,0,0,0,0,0,1
1996,"98",0,0,0,0,0,1,0,0,1,0,0,0,0,0,0,0,0,0,0
1996,"96",0,0,0,0,0,1,0,0,0,0,0,0,0,0,0,0,0,0,0
1995,"89",0,0,0,0,0,0,0,0,1,0,0,0,0,0,0,0,0,0,0
1995,"99",0,0,0,0,0,0,0,0,1,0,0,0,0,0,0,0,0,0,0
1999,"103",0,0,0,0,0,0,0,0,1,0,0,0,0,0,0,0,0,0,0
1990,"109",0,0,0,0,0,1,0,0,0,0,0,0,0,0,0,0,0,0,0
1998,"44",0,0,0,0,0,0,0,1,0,0,0,0,0,0,0,0,0,0,0
1994,"105",0,1,0,0,0,0,0,0,0,0,0,0,0,0,0,0,1,0,0
1995,"83",0,1,0,0,0,0,0,0,0,0,0,0,0,0,0,1,1,0,0
1992,"94",0,1,0,0,0,0,0,0,1,0,0,0,0,0,0,0,0,0,0
1997,"97",0,0,0,0,0,0,1,0,0,0,0,0,0,0,0,0,1,0,0
1995,"96",0,0,0,0,0,0,0,0,1,0,0,0,0,0,0,0,0,0,0
1995,"105",0,0,0,0,0,1,0,0,0,0,0,0,0,0,0,0,0,0,0
1997,"82",0,0,0,0,0,0,0,0,0,0,0,0,0,0,0,0,1,0,0
1998,"117",0,0,0,0,0,0,0,0,1,0,0,0,0,0,0,0,0,0,0
1995,"99",0,0,0,0,0,0,0,0,1,0,0,0,0,0,0,0,0,0,0
1948,"79",0,0,0,0,0,0,1,0,0,0,1,0,0,0,0,0,1,0,0
1996,"101",0,0,0,0,0,1,0,0,0,0,0,0,0,0,0,0,0,0,0
1997,"84",0,0,1,0,1,0,0,0,1,0,0,0,0,0,0,0,0,0,0
1997,"91",0,0,0,0,0,1,0,0,0,0,0,0,0,0,0,0,0,0,0
1997,"106",0,1,0,0,0,0,1,0,0,0,0,0,0,0,1,0,0,0,0
1996,"105",0,0,0,0,0,1,0,0,0,0,0,0,0,0,0,0,0,0,0
1996,"100",0,0,0,0,0,0,0,0,0,0,0,0,0,0,1,0,0,0,0
1995,"87",0,1,0,0,0,0,0,0,1,0,0,0,0,0,0,0,0,0,0
1958,"94",0,0,0,0,0,1,0,0,1,0,0,0,0,0,0,0,0,0,0
1997,"131",0,1,1,0,1,0,0,0,0,1,0,0,0,0,0,0,0,0,0
1994,"97",0,0,0,0,0,0,0,0,1,0,0,0,0,0,0,0,0,0,0
1990,"103",0,1,0,0,0,0,1,0,0,0,0,0,0,0,0,0,0,0,0
1995,"130",0,0,0,0,0,0,0,0,1,0,0,0,0,0,0,0,0,0,0
1997,"107",0,0,0,0,0,1,0,0,0,0,0,0,0,0,0,0,0,0,0
1995,"88",0,0,0,0,0,0,0,0,0,0,0,0,0,0,0,0,1,0,0
1993,"112",0,0,0,0,0,1,0,0,0,0,0,0,0,0,0,0,0,0,0
1995,"111",0,0,0,0,0,0,0,0,1,0,0,0,0,0,0,0,0,0,0
1998,"96",0,0,0,0,0,0,0,0,0,0,0,0,0,0,0,0,1,0,0
1994,"104",0,0,0,0,0,1,0,0,1,0,0,0,0,0,0,0,0,0,0
1995,"101",0,0,0,0,0,1,0,0,1,0,0,0,0,0,0,0,0,0,0
1994,"116",0,0,0,0,0,0,0,0,1,0,0,0,0,0,0,0,0,0,0
1995,"70",0,0,0,0,0,0,0,1,0,0,0,0,0,0,0,0,0,0,0
1994,"127",0,0,0,0,0,0,0,0,1,0,0,0,0,0,0,0,0,0,0
1993,"102",0,0,0,0,0,1,0,0,1,0,0,0,0,0,0,0,0,0,0
1995,"109",0,0,0,0,0,0,0,0,0,0,0,0,0,0,0,0,0,1,0
1995,"83",0,0,0,0,0,1,0,0,1,0,0,0,0,0,0,0,0,0,0
1994,"102",0,0,0,0,0,0,0,0,1,0,0,0,0,0,0,0,0,0,0
1986,"76",0,0,0,0,0,0,0,0,1,0,0,0,0,0,0,0,0,0,0
1995,"102",0,0,0,0,0,0,0,0,1,0,0,0,0,0,0,0,0,0,0
1996,"90",0,0,0,0,0,0,0,0,1,0,0,0,0,0,0,0,0,0,0
1996,"101",0,0,0,0,0,0,1,0,1,0,0,0,0,0,0,0,0,0,0
1996,"105",0,0,0,0,0,0,0,0,1,0,0,0,0,0,0,0,0,0,0
1996,"118",0,0,0,0,0,0,0,0,1,0,0,0,0,0,0,0,0,0,0
1995,"93",0,0,0,0,0,0,0,1,0,0,0,0,0,0,0,0,0,0,0
1996,"112",0,0,0,0,0,0,0,0,1,0,0,0,0,0,0,0,0,0,0
1995,"105",0,0,0,0,0,0,0,0,1,0,0,0,0,0,0,0,0,0,0
1996,"80",0,0,0,0,0,1,0,0,0,0,0,0,0,0,0,0,0,0,0
1997,"110",0,0,0,0,0,0,0,0,1,0,0,0,0,0,0,0,0,0,0
1997,"127",0,1,0,0,0,0,0,0,1,0,0,0,0,0,0,0,0,0,0
1997,"103",0,0,0,0,0,1,1,0,1,0,0,0,0,0,0,0,0,0,0
1997,"93",0,0,0,0,0,0,0,0,1,0,0,0,0,0,0,0,0,0,0
1997,"91",0,0,0,0,0,1,0,1,0,0,0,0,0,0,0,0,0,0,0
1997,"110",0,0,0,0,0,0,0,0,1,0,0,0,0,0,0,0,1,0,0
1996,"130",0,0,0,0,0,0,0,0,0,0,0,0,0,0,1,0,0,0,0
1996,"110",0,0,0,0,0,0,0,0,1,0,0,0,0,0,0,0,0,0,0
1994,"97",0,0,0,0,0,1,0,0,0,0,0,0,0,0,1,0,0,0,0
1997,"90",0,0,0,0,0,1,0,0,0,0,0,0,0,0,1,0,0,0,0
1995,"122",0,1,0,0,0,0,0,0,1,0,0,0,0,0,0,0,0,0,0
1996,"91",0,0,0,0,0,1,0,0,0,0,0,0,0,0,0,0,0,0,0
1995,"108",0,0,0,0,0,0,0,0,1,0,0,0,0,0,0,0,0,0,0
1994,"112",0,0,0,0,0,0,0,0,1,0,0,0,0,0,0,0,0,0,0
1995,"105",0,0,0,0,0,0,0,0,1,0,0,0,0,0,1,0,0,0,0
1995,"85",0,0,0,0,0,0,0,0,1,0,0,0,0,0,0,0,0,1,0
1997,"95",0,0,0,0,0,1,0,0,0,0,0,0,0,0,0,0,0,0,0
1997,"92",0,0,0,0,0,0,0,0,1,0,0,0,0,0,0,0,0,0,0
1996,"92",0,0,0,0,0,0,0,0,1,0,0,0,0,0,0,0,0,0,0
1997,"96",0,0,0,0,0,0,0,0,1,0,0,0,0,0,0,0,0,0,0
1996,"102",0,0,0,0,0,1,0,0,0,0,0,0,0,0,0,0,0,0,0
1996,"113",0,0,0,0,0,0,1,0,1,0,0,0,0,1,0,0,0,0,0
1998,"108",0,0,0,0,0,1,0,0,0,0,0,0,0,0,0,0,1,0,0
1997,"96",0,0,0,0,0,0,0,0,1,0,0,0,0,0,0,0,0,0,0
1993,"114",0,0,0,0,0,0,0,0,1,0,0,0,0,0,0,0,0,0,0
1995,"92",0,1,0,0,0,0,0,0,0,0,0,0,0,0,0,0,1,0,0
1962,"106",0,0,0,0,0,0,0,0,1,0,0,0,0,0,0,0,0,0,0
1996,"122",0,0,0,0,0,0,0,0,1,0,0,0,0,0,0,0,0,0,0
1996,"123",0,0,0,0,0,0,0,0,1,0,0,0,0,0,0,0,0,0,0
1995,"89",0,0,0,0,0,0,0,0,1,0,0,0,0,0,0,0,0,0,0
1997,"73",0,0,0,0,0,0,0,0,1,0,0,0,0,0,0,0,0,0,0
1998,"92",0,0,0,0,0,0,0,0,0,0,0,0,0,0,1,0,1,0,0
1994,"84",0,0,0,0,0,1,0,0,0,0,0,0,0,0,0,0,0,0,0
1991,"105",0,0,0,0,0,0,0,0,1,0,0,0,0,0,0,0,0,0,0
