"","x"
"1","tt0114709"
"2","tt0113189"
"3","tt0113101"
"4","tt0113161"
"5","tt0112722"
"6","tt0115012"
"7","tt0114746"
"8","tt0112431"
"9","tt0112818"
"10","tt0114279"
"11","tt0114369"
"12","tt0114814"
"13","tt0113819"
"14","Not found"
"15","tt0113862"
"16","tt0113149"
"17","tt0116367"
"18","tt0112445"
"19","tt0112379"
"20","tt0112365"
"21","tt0117110"
"22","tt0112573"
"23","tt0075314"
"24","tt0113326"
"25","tt0115685"
"26","tt0112585"
"27","tt0112442"
"28","Not found"
"29","tt0112462"
"30","tt0061395"
"31","tt0112740"
"32","tt0109508"
"33","tt0112851"
"34","tt0112887"
"35","tt0113114"
"36","tt0113729"
"37","tt0110620"
"38","tt0113957"
"39","tt0114558"
"40","tt0114682"
"41","tt0112508"
"42","tt0109445"
"43","tt0109635"
"44","tt0109642"
"45","tt0111797"
"46","tt0109759"
"47","tt0109707"
"48","tt0110057"
"49","tt0110099"
"50","tt0076759"
"51","tt0110322"
"52","tt0110428"
"53","tt0110632"
"54","tt0114069"
"55","Not found"
"56","tt0110912"
"57","tt0110889"
"58","tt0110932"
"59","tt0111495"
"60","tt0108394"
"61","tt0111507"
"62","tt0111282"
"63","tt0111070"
"64","tt0111161"
"65","tt0108550"
"66","tt0114924"
"67","tt0109040"
"68","tt0109506"
"69","tt0109830"
"70","tt0109831"
"71","tt0110357"
"72","tt0110475"
"73","tt0110478"
"74","Not found"
"75","tt0109339"
"76","tt0106519"
"77","tt0106918"
"78","tt0106965"
"79","tt0106977"
"80","tt0107144"
"81","tt0110074"
"82","tt0107290"
"83","tt0107616"
"84","Not found"
"85","tt0110955"
"86","tt0107943"
"87","tt0108065"
"88","tt0108160"
"89","tt0083658"
"90","tt0108174"
"91","tt0107688"
"92","tt0108399"
"93","tt0114906"
"94","tt0099785"
"95","tt0103639"
"96","tt0103064"
"97","tt0099348"
"98","tt0102926"
"99","tt0029583"
"100","tt0116282"
"101","tt0082509"
"102","tt0065421"
"103","tt0115509"
"104","tt0114658"
"105","tt0117608"
"106","tt0116095"
"107","tt0117071"
"108","tt0116768"
"109","tt0117128"
"110","tt0114048"
"111","tt0117979"
"112","tt0116322"
"113","tt0113362"
"114","Not found"
"115","tt0113270"
"116","Not found"
"117","tt0117500"
"118","tt0117998"
"119","tt0110480"
"120","tt0117765"
"121","tt0116629"
"122","tt0115798"
"123","tt0116365"
"124","tt0116905"
"125","tt0117333"
"126","tt0117718"
"127","tt0068646"
"128","tt0104558"
"129","tt0115736"
"130","tt0116745"
"131","tt0054698"
"132","tt0032138"
"133","tt0031381"
"134","tt0033467"
"135","tt0062622"
"136","tt0031679"
"137","tt0115678"
"138","tt0116000"
"139","tt0064603"
"140","tt0107131"
"141","tt0046672"
"142","tt0066817"
"143","tt0059742"
"144","tt0095016"
"145","tt0104692"
"146","tt0118044"
"147","tt0116908"
"148","tt0116409"
"149","tt0116722"
"150","tt0117802"
"151","Not found"
"152","tt0070707"
"153","tt0095159"
"154","Not found"
"155","tt0092890"
"156","tt0105236"
"157","tt0091763"
"158","tt0098627"
"159","tt0103772"
"160","tt0104348"
"161","tt0092099"
"162","tt0082846"
"163","tt0072081"
"164","tt0096754"
"165","tt0091288"
"166","tt0091480"
"167","tt0081375"
"168","tt0071853"
"169","Not found"
"170","tt0095765"
"171","tt0101700"
"172","Not found"
"173","tt0093779"
"174","tt0082971"
"175","tt0088846"
"176","tt0090605"
"177","Not found"
"178","tt0050083"
"179","tt0066921"
"180","tt0078788"
"181","Not found"
"182","Not found"
"183","tt0078748"
"184","tt0106308"
"185","tt0054215"
"186","tt0080455"
"187","tt0071562"
"188","tt0093058"
"189","Not found"
"190","tt0097499"
"191","tt0086879"
"192","tt0081398"
"193","tt0086197"
"194","tt0070735"
"195","tt0088247"
"196","tt0097165"
"197","tt0061722"
"198","tt0100263"
"199","tt0050212"
"200","tt0081505"
"201","tt0092991"
"202","tt0107048"
"203","tt0105695"
"204","tt0088763"
"205","tt0066206"
"206","tt0094625"
"207","tt0099334"
"208","tt0072431"
"209","tt0088258"
"210","tt0097576"
"211","tt0066026"
"212","tt0096332"
"213","tt0091867"
"214","Not found"
"215","tt0097351"
"216","tt0098635"
"217","tt0103874"
"218","tt0101540"
"219","tt0087800"
"220","tt0117057"
"221","tt0115751"
"222","tt0117731"
"223","tt0117666"
"224","tt0117477"
"225","tt0115433"
"226","tt0099423"
"227","tt0102975"
"228","Not found"
"229","tt0088170"
"230","tt0092007"
"231","tt0103776"
"232","tt0096487"
"233","tt0105690"
"234","tt0073195"
"235","tt0116996"
"236","tt0115906"
"237","tt0116695"
"238","tt0093822"
"239","tt0105435"
"240","Not found"
"241","tt0104691"
"242","tt0116790"
"243","Not found"
"244","tt0120152"
"245","tt0118972"
"246","tt0118842"
"247","tt0120389"
"248","tt0119229"
"249","tt0118655"
"250","tt0119116"
"251","tt0117615"
"252","tt0119567"
"253","tt0114134"
"254","tt0118688"
"255","tt0119738"
"256","Not found"
"257","tt0119654"
"258","tt0118884"
"259","tt0119190"
"260","tt0119081"
"261","tt0118570"
"262","tt0119361"
"263","tt0120207"
"264","tt0119675"
"265","tt0099810"
"266","tt0119484"
"267","tt0119164"
"268","tt0119177"
"269","tt0120201"
"270","tt0119217"
"271","tt0113277"
"272","tt0114319"
"273","tt0114388"
"274","tt0113627"
"275","tt0114272"
"276","tt0115644"
"277","tt0114039"
"278","Not found"
"279","tt0110997"
"280","tt0117913"
"281","tt0116191"
"282","tt0117918"
"283","tt0117589"
"284","tt0116209"
"285","tt0116999"
"286","Not found"
"287","tt0116250"
"288","tt0119115"
"289","tt0118548"
"290","tt0120036"
"291","tt0119008"
"292","tt0119528"
"293","tt0118771"
"294","Not found"
"295","tt0120402"
"296","tt0119094"
"297","tt0119311"
"298","tt0118571"
"299","tt0119360"
"300","tt0119488"
"301","tt0116329"
"302","tt0119349"
"303","tt0119280"
"304","tt0118971"
"305","tt0119095"
"306","tt0119527"
"307","tt0119978"
"308","tt0120520"
"309","tt0119668"
"310","tt0120338"
"311","Not found"
"312","tt0118636"
"313","Not found"
"314","tt0107207"
"315","tt0108052"
"316","tt0116242"
"317","tt0117293"
"318","tt0117091"
"319","tt0119731"
"320","tt0118928"
"321","tt0116922"
"322","tt0115964"
"323","tt0119173"
"324","tt0118887"
"325","tt0118883"
"326","tt0118966"
"327","Not found"
"328","tt0119051"
"329","tt0119468"
"330","tt0119174"
"331","tt0120399"
"332","tt0119326"
"333","tt0119906"
"334","tt0119324"
"335","tt0118689"
"336","tt0119592"
"337","tt0118749"
"338","tt0118901"
"339","tt0120483"
"340","tt0118583"
"341","tt0118632"
"342","tt0118954"
"343","tt0119396"
"344","tt0120885"
"345","tt0120696"
"346","tt0119099"
"347","Not found"
"348","tt0120185"
"349","tt0118956"
"350","tt0120888"
"351","tt0120184"
"352","tt0109446"
"353","tt0073486"
"354","tt0120177"
"355","tt0118647"
"356","tt0120529"
"357","tt0119365"
"358","tt0118747"
"359","tt0114576"
"360","tt0112281"
"361","tt0114168"
"362","tt0112792"
"363","tt0112697"
"364","tt0115683"
"365","tt0115697"
"366","tt0117002"
"367","tt0112579"
"368","tt0113464"
"369","tt0113492"
"370","Not found"
"371","tt0114436"
"372","tt0110066"
"373","tt0110006"
"374","tt0110527"
"375","Not found"
"376","tt0111280"
"377","tt0110598"
"378","tt0109045"
"379","tt0109813"
"380","tt0110622"
"381","tt0111503"
"382","tt0106220"
"383","tt0106226"
"384","tt0109254"
"385","tt0109279"
"386","tt0106880"
"387","tt0107362"
"388","tt0107501"
"389","tt0107614"
"390","tt0110939"
"391","tt0107977"
"392","tt0111127"
"393","tt0108238"
"394","tt0108255"
"395","tt0108333"
"396","tt0110366"
"397","tt0112572"
"398","tt0099653"
"399","tt0096895"
"400","tt0032910"
"401","tt0117060"
"402","tt0117894"
"403","tt0117723"
"404","Not found"
"405","tt0116669"
"406","tt0116778"
"407","tt0117218"
"408","tt0118073"
"409","Not found"
"410","tt0084370"
"411","tt0072653"
"412","tt0050798"
"413","tt0055277"
"414","tt0042332"
"415","tt0058331"
"416","tt0043274"
"417","Not found"
"418","Not found"
"419","tt0083866"
"420","Not found"
"421","tt0103850"
"422","tt0092106"
"423","tt0056592"
"424","tt0067185"
"425","tt0043456"
"426","tt0023969"
"427","tt0091203"
"428","tt0032455"
"429","tt0097493"
"430","tt0049223"
"431","tt0064115"
"432","Not found"
"433","Not found"
"434","tt0085159"
"435","Not found"
"436","tt0083550"
"437","tt0078767"
"438","Not found"
"439","tt0056869"
"440","tt0051418"
"441","tt0037549"
"442","tt0074258"
"443","tt0074285"
"444","tt0075005"
"445","tt0079945"
"446","tt0098382"
"447","tt0077631"
"448","tt0077766"
"449","tt0085750"
"450","tt0115633"
"451","Not found"
"452","tt0118708"
"453","tt0119152"
"454","tt0113987"
"455","tt0112749"
"456","tt0112744"
"457","tt0114478"
"458","Not found"
"459","tt0111112"
"460","tt0111590"
"461","tt0110213"
"462","tt0105226"
"463","tt0106489"
"464","tt0108002"
"465","tt0108122"
"466","tt0108358"
"467","tt0115956"
"468","Not found"
"469","tt0116683"
"470","Not found"
"471","tt0117951"
"472","tt0116313"
"473","tt0117008"
"474","tt0032904"
"475","tt0052357"
"476","tt0053125"
"477","tt0053604"
"478","tt0053291"
"479","tt0034583"
"480","tt0033870"
"481","tt0058385"
"482","tt0047437"
"483","tt0046250"
"484","tt0043014"
"485","tt0038787"
"486","tt0048728"
"487","tt0029843"
"488","tt0048028"
"489","tt0025878"
"490","tt0032599"
"491","tt0048960"
"492","tt0038650"
"493","tt0029947"
"494","tt0043265"
"495","tt0051459"
"496","tt0033563"
"497","tt0066808"
"498","tt0068334"
"499","tt0061418"
"500","tt0046912"
"501","tt0048545"
"502","tt0044081"
"503","tt0117318"
"504","tt0097937"
"505","Not found"
"506","tt0056172"
"507","tt0093191"
"508","tt0041959"
"509","tt0075686"
"510","Not found"
"511","tt0085859"
"512","tt0079522"
"513","tt0100150"
"514","tt0040897"
"515","tt0057115"
"516","tt0077416"
"517","tt0090967"
"518","tt0061512"
"519","tt0032553"
"520","tt0038355"
"521","tt0052618"
"522","tt0083987"
"523","tt0087553"
"524","tt0089606"
"525","tt0073341"
"526","tt0117631"
"527","tt0116743"
"528","tt0116041"
"529","tt0120366"
"530","tt0118556"
"531","tt0117359"
"532","tt0102494"
"533","tt0118617"
"534","tt0119715"
"535","tt0113845"
"536","tt0113855"
"537","Not found"
"538","Not found"
"539","Not found"
"540","tt0114825"
"541","tt0115759"
"542","tt0115033"
"543","tt0110647"
"544","tt0114287"
"545","Not found"
"546","tt0113690"
"547","tt0114508"
"548","tt0114887"
"549","tt0114898"
"550","tt0114928"
"551","tt0114938"
"552","Not found"
"553","tt0110005"
"554","Not found"
"555","tt0113538"
"556","Not found"
"557","tt0114214"
"558","Not found"
"559","tt0114609"
"560","tt0114852"
"561","tt0109444"
"562","tt0111686"
"563","tt0111257"
"564","tt0111742"
"565","tt0111756"
"566","tt0106292"
"567","tt0109303"
"568","tt0106452"
"569","tt0106471"
"570","tt0109439"
"571","tt0106582"
"572","tt0106598"
"573","tt0106697"
"574","tt0106873"
"575","Not found"
"576","tt0107302"
"577","tt0107822"
"578","tt0107983"
"579","tt0108071"
"580","tt0108186"
"581","tt0111400"
"582","tt0107146"
"583","tt0101414"
"584","tt0065214"
"585","tt0116514"
"586","tt0117381"
"587","Not found"
"588","tt0108211"
"589","tt0113280"
"590","tt0116277"
"591","Not found"
"592","tt0116213"
"593","tt0115680"
"594","Not found"
"595","Not found"
"596","tt0035896"
"597","Not found"
"598","tt0047396"
"599","tt0025316"
"600","tt0037059"
"601","tt0042192"
"602","tt0032976"
"603","tt0038109"
"604","tt0042451"
"605","tt0051658"
"606","tt0037008"
"607","tt0029162"
"608","tt0028010"
"609","tt0049261"
"610","tt0026029"
"611","tt0063350"
"612","tt0020697"
"613","tt0048491"
"614","tt0116259"
"615","tt0115862"
"616","Not found"
"617","tt0054357"
"618","tt0109127"
"619","tt0038166"
"620","tt0057546"
"621","tt0041890"
"622","tt0102798"
"623","tt0117665"
"624","tt0084865"
"625","tt0059243"
"626","tt0104036"
"627","tt0084707"
"628","tt0029992"
"629","Not found"
"630","tt0080749"
"631","tt0082340"
"632","tt0082533"
"633","tt0084589"
"634","tt0078875"
"635","Not found"
"636","tt0050825"
"637","tt0099703"
"638","tt0106185"
"639","tt0096257"
"640","tt0100332"
"641","tt0064116"
"642","tt0089881"
"643","tt0045061"
"644","tt0087843"
"645","tt0050976"
"646","tt0097441"
"647","Not found"
"648","tt0052311"
"649","tt0071315"
"650","tt0092005"
"651","tt0022100"
"652","tt0056218"
"653","tt0100436"
"654","tt0036613"
"655","tt0101921"
"656","tt0044706"
"657","tt0081534"
"658","tt0078841"
"659","tt0087884"
"660","Not found"
"661","Not found"
"662","tt0075704"
"663","tt0082083"
"664","tt0101492"
"665","tt0026138"
"666","tt0103919"
"667","tt0055824"
"668","tt0083722"
"669","tt0013442"
"670","tt0115988"
"671","tt0116310"
"672","tt0120461"
"673","tt0082198"
"674","tt0120524"
"675","tt0119345"
"676","Not found"
"677","tt0107206"
"678","tt0116253"
"679","tt0107808"
"680","tt0119640"
"681","tt0119509"
"682","tt0119395"
"683","tt0120102"
"684","tt0118929"
"685","tt0112346"
"686","tt0112641"
"687","Not found"
"688","tt0113537"
"689","tt0115907"
"690","tt0112461"
"691","tt0109340"
"692","tt0110367"
"693","tt0113808"
"694","tt0107472"
"695","tt0109219"
"696","tt0111712"
"697","tt0107151"
"698","tt0045152"
"699","tt0115610"
"700","tt0101811"
"701","tt0098724"
"702","tt0105488"
"703","tt0088794"
"704","tt0117773"
"705","tt0094155"
"706","tt0114057"
"707","tt0112637"
"708","tt0114681"
"709","tt0113321"
"710","tt0116731"
"711","tt0113403"
"712","tt0109370"
"713","tt0113071"
"714","tt0113749"
"715","tt0113986"
"716","tt0112571"
"717","tt0112679"
"718","tt0109758"
"719","tt0113089"
"720","tt0110116"
"721","tt0110216"
"722","tt0110638"
"723","tt0110963"
"724","tt0109484"
"725","tt0106673"
"726","tt0109913"
"727","tt0107478"
"728","tt0107818"
"729","tt0108101"
"730","tt0111201"
"731","tt0111418"
"732","tt0100405"
"733","tt0116684"
"734","tt0113613"
"735","tt0117438"
"736","tt0115986"
"737","tt0117039"
"738","tt0069198"
"739","tt0089886"
"740","tt0106387"
"741","tt0120053"
"742","tt0119632"
"743","tt0118607"
"744","tt0120347"
"745","tt0120008"
"746","Not found"
"747","tt0119994"
"748","tt0113497"
"749","tt0113041"
"750","tt0112286"
"751","Not found"
"752","tt0113010"
"753","tt0114367"
"754","tt0113972"
"755","tt0115639"
"756","tt0116483"
"757","tt0116606"
"758","tt0103859"
"759","tt0113756"
"760","tt0112288"
"761","tt0112642"
"762","tt0112715"
"763","tt0112857"
"764","tt0113481"
"765","tt0113540"
"766","tt0110604"
"767","tt0114194"
"768","tt0114496"
"769","tt0114663"
"770","Not found"
"771","tt0112883"
"772","tt0109676"
"773","Not found"
"774","tt0113117"
"775","tt0110365"
"776","tt0110516"
"777","tt0106402"
"778","tt0110737"
"779","tt0114113"
"780","tt0114296"
"781","tt0110965"
"782","tt0114594"
"783","tt0114694"
"784","tt0112435"
"785","tt0109348"
"786","tt0109504"
"787","tt0110167"
"788","tt0110989"
"789","tt0111256"
"790","tt0111438"
"791","tt0112443"
"792","Not found"
"793","tt0113409"
"794","tt0109067"
"795","tt0107076"
"796","tt0107096"
"797","tt0110197"
"798","tt0107507"
"799","tt0107554"
"800","tt0107840"
"801","tt0107889"
"802","tt0107969"
"803","tt0111143"
"804","Not found"
"805","tt0109120"
"806","tt0112651"
"807","tt0109934"
"808","tt0117247"
"809","tt0112625"
"810","tt0113122"
"811","tt0116414"
"812","tt0116168"
"813","tt0117705"
"814","tt0117104"
"815","tt0062952"
"816","tt0117107"
"817","tt0116448"
"818","tt0115571"
"819","tt0117331"
"820","tt0116040"
"821","tt0115493"
"822","tt0116320"
"823","tt0114170"
"824","tt0116225"
"825","tt0115725"
"826","tt0115783"
"827","tt0113253"
"828","tt0025164"
"829","tt0031725"
"830","tt0033891"
"831","Not found"
"832","tt0113682"
"833","tt0116830"
"834","tt0116421"
"835","tt0054195"
"836","tt0053271"
"837","tt0116361"
"838","tt0117887"
"839","tt0117924"
"840","tt0116913"
"841","tt0037101"
"842","tt0099371"
"843","tt0117320"
"844","Not found"
"845","tt0115715"
"846","tt0103873"
"847","tt0092610"
"848","tt0082269"
"849","tt0102536"
"850","tt0114093"
"851","Not found"
"852","tt0090655"
"853","tt0092632"
"854","Not found"
"855","tt0116705"
"856","Not found"
"857","tt0117119"
"858","tt0117038"
"859","tt0118163"
"860","Not found"
"861","tt0119141"
"862","tt0120357"
"863","tt0120434"
"864","tt0119572"
"865","tt0119896"
"866","tt0118818"
"867","tt0120112"
"868","tt0119695"
"869","tt0119086"
"870","Not found"
"871","tt0119874"
"872","tt0120169"
"873","tt0120481"
"874","tt0120303"
"875","tt0120539"
"876","tt0119891"
"877","tt0119535"
"878","tt0119080"
"879","tt0119832"
"880","tt0120275"
"881","tt0119707"
"882","tt0118698"
"883","tt0119137"
"884","tt0119142"
"885","tt0119303"
"886","tt0120082"
"887","tt0120255"
"888","Not found"
"889","tt0119925"
"890","tt0120521"
"891","tt0119485"
"892","tt0119718"
"893","tt0118715"
"894","tt0118566"
"895","tt0119590"
"896","tt0119223"
"897","Not found"
"898","tt0120881"
"899","tt0120693"
"900","tt0118892"
"901","Not found"
"902","tt0119594"
"903","Not found"
"904","tt0119574"
"905","tt0120890"
"906","tt0119942"
"907","tt0120738"
"908","tt0120749"
"909","tt0120632"
"910","tt0112682"
"911","tt0114753"
"912","tt0106332"
"913","tt0112817"
"914","tt0101640"
"915","tt0118158"
"916","tt0118040"
"917","tt0116130"
"918","tt0113083"
"919","tt0115963"
"920","tt0116493"
"921","tt0115857"
"922","tt0116654"
"923","tt0116311"
"924","tt0116378"
"925","tt0117372"
"926","tt0119859"
"927","tt0115744"
"928","tt0120323"
"929","tt0120151"
"930","tt0113870"
"931","tt0109068"
"932","tt0111732"
"933","tt0108551"
"934","tt0110265"
"935","tt0110971"
"936","tt0056923"
"937","tt0082406"
"938","Not found"
"939","tt0118750"
"940","tt0113347"
"941","tt0113158"
"942","tt0113419"
"943","tt0112541"
"944","tt0114798"
"945","tt0114805"
"946","tt0112471"
"947","tt0110684"
"948","tt0105652"
"949","tt0110081"
"950","tt0106677"
"951","tt0107653"
"952","tt0107756"
"953","tt0108000"
"954","Not found"
"955","tt0113849"
"956","tt0050419"
"957","Not found"
"958","tt0027893"
"959","tt0041509"
"960","Not found"
"961","tt0102014"
"962","tt0102426"
"963","tt0105107"
"964","Not found"
"965","tt0116260"
"966","tt0116287"
"967","tt0117688"
"968","tt0117774"
"969","tt0116508"
"970","tt0117965"
"971","tt0117093"
"972","tt0118927"
"973","tt0117011"
"974","tt0117473"
"975","tt0120107"
"976","Not found"
"977","tt0120390"
"978","tt0120414"
"979","tt0118691"
"980","tt0118829"
"981","tt0118623"
"982","tt0116762"
"983","tt0116502"
"984","tt0119282"
"985","tt0119502"
"986","tt0119465"
"987","tt0112499"
"988","tt0114571"
"989","tt0109361"
"990","tt0109443"
"991","tt0110353"
"992","tt0117768"
"993","tt0119887"
"994","tt0107004"
"995","Not found"
"996","tt0101458"
"997","tt0118111"
"998","tt0116594"
"999","tt0117737"
"1000","tt0115632"
"1001","tt0115438"
"1002","tt0119951"
"1003","tt0118615"
"1004","tt0120032"
"1005","tt0120118"
"1006","tt0118880"
"1007","tt0117958"
"1008","tt0101026"
"1009","Not found"
"1010","tt0036855"
"1011","Not found"
"1012","tt0119107"
"1013","tt0119109"
"1014","Not found"
"1015","tt0119123"
"1016","tt0123953"
"1017","tt0114432"
"1018","tt0113228"
"1019","tt0113500"
"1020","tt0106400"
"1021","tt0110305"
"1022","tt0110363"
"1023","tt0116552"
"1024","tt0117420"
"1025","tt0106611"
"1026","tt0101775"
"1027","tt0084021"
"1028","tt0119210"
"1029","tt0116477"
"1030","Not found"
"1031","tt0113097"
"1032","tt0113501"
"1033","Not found"
"1034","tt0110771"
"1035","tt0106881"
"1036","tt0107497"
"1037","tt0117108"
"1038","tt0117628"
"1039","tt0116571"
"1040","tt0039420"
"1041","tt0115580"
"1042","tt0112896"
"1043","tt0114011"
"1044","tt0117102"
"1045","tt0111194"
"1046","tt0104029"
"1047","tt0117283"
"1048","tt0111667"
"1049","tt0116126"
"1050","tt0115472"
"1051","tt0116240"
"1052","tt0119815"
"1053","tt0113670"
"1054","tt0039286"
"1055","tt0085809"
"1056","tt0112453"
"1057","tt0115734"
"1058","tt0114808"
"1059","tt0109093"
"1060","tt0113677"
"1061","tt0114095"
"1062","tt0114210"
"1063","tt0111149"
"1064","tt0110950"
"1065","tt0110455"
"1066","tt0110763"
"1067","tt0110395"
"1068","tt0095776"
"1069","tt0116707"
"1070","tt0109485"
"1071","tt0115994"
"1072","tt0116293"
"1073","tt0115495"
"1074","tt0112373"
"1075","tt0115837"
"1076","tt0113443"
"1077","tt0112536"
"1078","tt0119013"
"1079","tt0120179"
"1080","tt0108162"
"1081","tt0076538"
"1082","tt0116059"
"1083","tt0113674"
"1084","tt0117891"
"1085","tt0116531"
"1086","tt0115927"
"1087","Not found"
"1088","Not found"
"1089","tt0110769"
"1090","tt0111689"
"1091","tt0108149"
"1092","tt0118001"
"1093","tt0103130"
"1094","Not found"
"1095","tt0120670"
"1096","tt0120769"
"1097","tt0112495"
"1098","tt0113044"
"1099","tt0109579"
"1100","tt0114614"
"1101","tt0109655"
"1102","tt0109450"
"1103","tt0110588"
"1104","tt0116269"
"1105","tt0117991"
"1106","tt0032762"
"1107","tt0117791"
"1108","tt0078446"
"1109","tt0094006"
"1110","tt0116601"
"1111","tt0058450"
"1112","tt0032022"
"1113","tt0047162"
"1114","tt0022879"
"1115","tt0055018"
"1116","tt0052027"
"1117","tt0120382"
"1118","Not found"
"1119","tt0109424"
"1120","tt0110217"
"1121","tt0114323"
"1122","tt0116289"
"1123","tt0072951"
"1124","tt0116404"
"1125","tt0101761"
"1126","tt0116410"
"1127","tt0115640"
"1128","tt0118702"
"1129","tt0113243"
"1130","tt0111001"
"1131","tt0108515"
"1132","tt0118147"
"1133","tt0119256"
"1134","tt0117422"
"1135","tt0109305"
"1136","tt0106505"
"1137","tt0113896"
"1138","tt0111454"
"1139","tt0067959"
"1140","tt0116827"
"1141","tt0117260"
"1142","tt0116621"
"1143","tt0106339"
"1144","tt0058898"
"1145","Not found"
"1146","tt0112767"
"1147","tt0120004"
"1148","Not found"
"1149","tt0079944"
"1150","tt0119578"
"1151","tt0117284"
"1152","tt0117332"
"1153","tt0117364"
"1154","tt0120550"
"1155","tt0115676"
"1156","tt0107447"
"1157","tt0111309"
"1158","tt0107426"
"1159","tt0109842"
"1160","tt0111252"
"1161","tt0111019"
"1162","tt0032143"
"1163","tt0118742"
"1164","tt0115847"
"1165","tt0119327"
"1166","Not found"
"1167","tt0116151"
"1168","tt0110443"
"1169","tt0113755"
"1170","tt0110093"
"1171","tt0110399"
"1172","tt0109480"
"1173","tt0109493"
"1174","tt0109729"
"1175","tt0110123"
"1176","tt0110137"
"1177","tt0073778"
"1178","tt0100994"
"1179","tt0119937"
"1180","tt0120318"
"1181","Not found"
"1182","Not found"
"1183","tt0110882"
"1184","tt0110729"
"1185","Not found"
"1186","tt0105032"
"1187","tt0116275"
"1188","tt0054189"
"1189","tt0109592"
"1190","tt0042644"
"1191","Not found"
"1192","Not found"
"1193","tt0027125"
"1194","tt0035446"
"1195","tt0117582"
"1196","tt0106266"
"1197","tt0113451"
"1198","tt0113552"
"1199","tt0110538"
"1200","tt0114857"
"1201","tt0109306"
"1202","tt0106926"
"1203","tt0107057"
"1204","tt0074102"
"1205","tt0115624"
"1206","tt0116783"
"1207","tt0112401"
"1208","tt0113118"
"1209","tt0113198"
"1210","tt0113305"
"1211","tt0111693"
"1212","tt0107286"
"1213","tt0107322"
"1214","tt0111094"
"1215","tt0112368"
"1216","tt0119783"
"1217","Not found"
"1218","tt0114781"
"1219","tt0114151"
"1220","tt0110907"
"1221","tt0100114"
"1222","tt0102370"
"1223","Not found"
"1224","tt0118836"
"1225","Not found"
"1226","Not found"
"1227","tt0117994"
"1228","tt0118230"
"1229","tt0112760"
"1230","tt0113568"
"1231","tt0118064"
"1232","tt0103207"
"1233","Not found"
"1234","tt0119664"
"1235","tt0119225"
"1236","tt0112602"
"1237","tt0109198"
"1238","tt0109297"
"1239","tt0106941"
"1240","tt0112483"
"1241","tt0117050"
"1242","tt0057345"
"1243","tt0114666"
"1244","tt0119214"
"1245","tt0115760"
"1246","tt0118964"
"1247","tt0120373"
"1248","tt0114131"
"1249","tt0114702"
"1250","tt0114307"
"1251","tt0118113"
"1252","tt0116353"
"1253","tt0110693"
"1254","tt0120197"
"1255","tt0070506"
"1256","tt0112688"
"1257","tt0104779"
"1258","tt0050658"
"1259","tt0107413"
"1260","tt0110687"
"1261","tt0111357"
"1262","tt0109456"
"1263","Not found"
"1264","tt0110259"
"1265","tt0117784"
"1266","tt0117603"
"1267","tt0120094"
"1268","tt0120512"
"1269","tt0118900"
"1270","tt0116985"
"1271","tt0113211"
"1272","tt0119848"
"1273","tt0115645"
"1274","tt0110892"
"1275","Not found"
"1276","tt0116165"
"1277","tt0112844"
"1278","Not found"
"1279","tt0109491"
"1280","tt0115851"
"1281","tt0120133"
"1282","tt0120478"
"1283","Not found"
"1284","tt0119457"
"1285","tt0116631"
"1286","tt0110391"
"1287","tt0045537"
"1288","tt0034012"
"1289","tt0118523"
"1290","tt0083131"
"1291","tt0116834"
"1292","tt0109890"
"1293","Not found"
"1294","tt0113936"
"1295","tt0109593"
"1296","Not found"
"1297","tt0109191"
"1298","tt0072362"
"1299","tt0038235"
"1300","tt0114885"
"1301","tt0117357"
"1302","tt0120782"
"1303","tt0111323"
"1304","tt0119381"
"1305","tt0119314"
"1306","tt0113490"
"1307","tt0112646"
"1308","tt0113952"
"1309","tt0113319"
"1310","tt0114047"
"1311","Not found"
"1312","tt0111752"
"1313","tt0110374"
"1314","tt0115591"
"1315","tt0115742"
"1316","tt0109374"
"1317","tt0110712"
"1318","tt0110400"
"1319","tt0111546"
"1320","Not found"
"1321","Not found"
"1322","tt0111180"
"1323","tt0111237"
"1324","tt0115530"
"1325","tt0116756"
"1326","tt0116823"
"1327","tt0117999"
"1328","tt0108220"
"1329","Not found"
"1330","tt0104403"
"1331","tt0112716"
"1332","tt0113695"
"1333","Not found"
"1334","tt0111424"
"1335","tt0104109"
"1336","tt0051980"
"1337","Not found"
"1338","tt0107575"
"1339","tt0042054"
"1340","tt0116934"
"1341","tt0075169"
"1342","tt0109001"
"1343","tt0105729"
"1344","tt0116635"
"1345","tt0116167"
"1346","tt0109823"
"1347","Not found"
"1348","Not found"
"1349","Not found"
"1350","Not found"
"1351","tt0115531"
"1352","tt0116859"
"1353","tt0115684"
"1354","tt0107274"
"1355","Not found"
"1356","tt0109781"
"1357","tt0110521"
"1358","tt0042354"
"1359","tt0110171"
"1360","Not found"
"1361","tt0123281"
"1362","Not found"
"1363","tt0080714"
"1364","tt0106535"
"1365","tt0119644"
"1366","tt0116565"
"1367","tt0120014"
"1368","tt0116931"
"1369","tt0113314"
"1370","Not found"
"1371","Not found"
"1372","tt0120087"
"1373","tt0117724"
"1374","tt0120034"
"1375","tt0105569"
"1376","tt0119098"
"1377","tt0116384"
"1378","tt0117076"
"1379","tt0113425"
"1380","tt0116334"
"1381","tt0119557"
"1382","tt0120192"
"1383","tt0120257"
"1384","tt0119338"
"1385","tt0114550"
"1386","tt0025586"
"1387","tt2661954"
"1388","tt0120222"
"1389","tt0114129"
"1390","tt0107468"
"1391","tt0107225"
"1392","Not found"
"1393","Not found"
"1394","Not found"
"1395","tt0114916"
"1396","tt0111255"
"1397","tt0113199"
"1398","tt0111333"
"1399","Not found"
"1400","tt0062711"
"1401","Not found"
"1402","tt0111301"
"1403","tt0112702"
"1404","tt0110657"
"1405","tt0110678"
"1406","tt0105660"
"1407","tt0107282"
"1408","Not found"
"1409","Not found"
"1410","Not found"
"1411","tt0108260"
"1412","tt0114888"
"1413","tt0110091"
"1414","tt0110097"
"1415","tt0116442"
"1416","tt0112907"
"1417","tt0120238"
"1418","tt0120148"
"1419","tt0119352"
"1420","tt0130073"
"1421","tt0119670"
"1422","tt0119655"
"1423","tt0120122"
"1424","Not found"
"1425","tt0107611"
"1426","tt0110064"
"1427","Not found"
"1428","tt0110186"
"1429","tt0109035"
"1430","tt0113851"
"1431","tt0114345"
"1432","tt0109021"
"1433","tt0059793"
"1434","tt0110296"
"1435","Not found"
"1436","tt0106537"
"1437","tt0107471"
"1438","tt0048473"
"1439","tt0039428"
"1440","tt0032484"
"1441","tt0036094"
"1442","tt0038300"
"1443","tt0039152"
"1444","tt0036241"
"1445","tt0046414"
"1446","tt0116928"
"1447","tt0028757"
"1448","tt0113731"
"1449","tt0114472"
"1450","tt0026465"
"1451","tt0118100"
"1452","Not found"
"1453","tt0114534"
"1454","tt0113612"
"1455","tt0113774"
"1456","tt0108026"
"1457","tt0112757"
"1458","tt0112302"
"1459","tt0113234"
"1460","tt0113303"
"1461","tt0108500"
"1462","tt0031580"
"1463","tt0110671"
"1464","tt0106408"
"1465","tt0040723"
"1466","tt0119791"
"1467","tt0112819"
"1468","tt0114241"
"1469","tt0071607"
"1470","tt0111048"
"1471","Not found"
"1472","tt0120744"
"1473","tt0110189"
"1474","Not found"
"1475","tt0113173"
"1476","tt0106834"
"1477","tt0107002"
"1478","tt0109403"
"1479","tt0106878"
"1480","Not found"
"1481","tt0110719"
"1482","tt0113839"
"1483","Not found"
"1484","tt0113080"
"1485","tt0115836"
"1486","Not found"
"1487","Not found"
"1488","Not found"
"1489","tt0117550"
"1490","tt0116754"
"1491","tt0110623"
"1492","tt0113188"
"1493","Not found"
"1494","tt0113542"
"1495","tt0113947"
"1496","tt0117968"
"1497","tt0112438"
"1498","tt0109891"
"1499","tt0116953"
"1500","tt0115886"
"1501","tt0052572"
"1502","tt0120190"
"1503","Not found"
"1504","tt0114952"
"1505","Not found"
"1506","tt0117427"
"1507","tt0113691"
"1508","tt0113967"
"1509","tt0113043"
"1510","tt0107613"
"1511","tt0111488"
"1512","tt0109920"
"1513","tt0110246"
"1514","tt0120772"
"1515","tt0090329"
"1516","tt0120820"
"1517","tt0119809"
"1518","tt0114787"
"1519","tt0113463"
"1520","Not found"
"1521","tt0109828"
"1522","tt0106678"
"1523","tt0120394"
"1524","Not found"
"1525","Not found"
"1526","tt0115951"
"1527","tt0118586"
"1528","tt0106379"
"1529","tt0112342"
"1530","tt0109226"
"1531","tt0017350"
"1532","tt0116714"
"1533","tt0113442"
"1534","tt0113107"
"1535","tt0094878"
"1536","tt0114435"
"1537","Not found"
"1538","Not found"
"1539","tt0112854"
"1540","tt0109906"
"1541","tt0113360"
"1542","tt0114788"
"1543","tt0111054"
"1544","tt0108069"
"1545","tt0112712"
"1546","tt0111787"
"1547","tt0048956"
"1548","tt0110061"
"1549","Not found"
"1550","tt0111430"
"1551","tt0107727"
"1552","tt0274741"
"1553","tt0103095"
"1554","tt0104046"
"1555","tt0031612"
"1556","tt0103926"
"1557","Not found"
"1558","Not found"
"1559","tt0105201"
"1560","tt0070820"
"1561","tt0084898"
"1562","tt0063715"
"1563","tt0114122"
"1564","Not found"
"1565","tt0093199"
"1566","tt0049521"
"1567","Not found"
"1568","tt0094822"
"1569","tt0024252"
"1570","tt0043140"
"1571","tt0039881"
"1572","tt0092281"
"1573","Not found"
"1574","tt0099028"
"1575","Not found"
"1576","tt0052287"
"1577","tt0117544"
"1578","tt0117561"
"1579","Not found"
"1580","Not found"
"1581","tt0189582"
"1582","tt0101692"
"1583","Not found"
"1584","tt0111173"
"1585","Not found"
"1586","tt0105275"
"1587","tt0118859"
"1588","tt0114494"
"1589","tt0109949"
"1590","tt0119819"
"1591","tt0120793"
"1592","tt0112364"
"1593","tt0040427"
"1594","tt0116930"
"1595","tt0118787"
"1596","tt0118663"
"1597","tt0120383"
"1598","tt0116643"
"1599","tt0116845"
"1600","tt0114690"
"1601","tt0052126"
"1602","tt0120479"
"1603","tt0112849"
"1604","tt0099939"
"1605","tt0113720"
"1606","tt0120142"
"1607","tt0112604"
"1608","tt0107779"
"1609","Not found"
"1610","tt0118744"
"1611","tt0110251"
"1612","tt0114936"
"1613","tt0110299"
"1614","tt0113973"
"1615","Not found"
"1616","tt0107349"
"1617","tt0114671"
"1618","Not found"
"1619","tt0109751"
"1620","Not found"
"1621","tt0112586"
"1622","tt0116418"
"1623","tt0117202"
"1624","tt0115600"
"1625","tt0116581"
"1626","tt0112777"
"1627","tt0117690"
"1628","tt0112362"
"1629","tt0117775"
"1630","tt0118804"
"1631","Not found"
"1632","tt0119250"
"1633","tt0119780"
"1634","tt0124295"
"1635","tt0120176"
"1636","tt0116295"
"1637","tt0116212"
"1638","tt0109783"
"1639","tt0119548"
"1640","tt0114618"
"1641","Not found"
"1642","tt0114474"
"1643","tt0110649"
"1644","tt0114303"
"1645","tt0114007"
"1646","tt0118541"
"1647","tt0118783"
"1648","tt0117482"
"1649","Not found"
"1650","tt0118127"
"1651","tt0116949"
"1652","tt0128690"
"1653","tt0116379"
"1654","tt0107315"
"1655","tt0113827"
"1656","tt0056215"
"1657","tt0117781"
"1658","tt0118117"
"1659","tt0114592"
"1660","Not found"
"1661","tt0120594"
"1662","Not found"
"1663","tt0102855"
